incident_id,incident_type,priority,system,user_impact_count,severity_score,event_seq,activity,actor,timestamp,sla_breached
INC_0001,Network,Low,CRM,6,8,1,Escalated,SysAdmin,2025-01-08 07:08:00,1
INC_0001,Network,Low,CRM,6,8,2,Reported,SysAdmin,2025-01-08 08:43:00,1
INC_0001,Network,Low,CRM,6,8,3,Investigating,User,2025-01-08 09:10:00,1
INC_0002,Network,Low,ERP,5,6,1,Acknowledged,SysAdmin,2025-01-08 16:38:00,0
INC_0002,Network,Low,ERP,5,6,2,Investigating,Monitoring,2025-01-08 16:42:00,0
INC_0002,Network,Low,ERP,5,6,3,Investigating,SysAdmin,2025-01-08 19:06:00,0
INC_0003,Hardware,Low,ERP,5,3,1,Acknowledged,Tier1,2025-01-23 13:21:00,0
INC_0003,Hardware,Low,ERP,5,3,2,Reported,User,2025-01-23 13:57:00,0
INC_0003,Hardware,Low,ERP,5,3,3,Investigating,User,2025-01-23 14:37:00,0
INC_0004,Hardware,High,Payment,5,2,1,Reported,Tier2,2025-01-09 01:46:00,0
INC_0004,Hardware,High,Payment,5,2,2,Reported,SysAdmin,2025-01-09 02:45:00,0
INC_0004,Hardware,High,Payment,5,2,3,Assigned,SysAdmin,2025-01-09 05:03:00,0
INC_0005,Hardware,Medium,Email,6,5,1,Reported,Monitoring,2025-01-02 21:14:00,0
INC_0005,Hardware,Medium,Email,6,5,2,Reported,Tier2,2025-01-02 22:53:00,0
INC_0005,Hardware,Medium,Email,6,5,3,Assigned,Tier2,2025-01-03 00:08:00,0
INC_0006,Hardware,Medium,CRM,3,3,1,Escalated,User,2025-01-12 06:42:00,0
INC_0006,Hardware,Medium,CRM,3,3,2,Resolved,Monitoring,2025-01-12 07:17:00,0
INC_0006,Hardware,Medium,CRM,3,3,3,Resolved,Monitoring,2025-01-12 10:17:00,0
INC_0007,Application,Critical,Website,6,6,1,Escalated,Tier1,2025-01-09 20:44:00,1
INC_0007,Application,Critical,Website,6,6,2,Reported,Monitoring,2025-01-09 21:56:00,1
INC_0007,Application,Critical,Website,6,6,3,Reported,Tier1,2025-01-09 22:53:00,1
INC_0008,Database,High,Email,3,5,1,Acknowledged,Tier2,2025-01-07 18:56:00,0
INC_0008,Database,High,Email,3,5,2,Investigating,Tier2,2025-01-07 20:28:00,0
INC_0008,Database,High,Email,3,5,3,Acknowledged,Tier1,2025-01-07 21:49:00,0
INC_0009,Application,Medium,Payment,6,6,1,Resolved,Tier2,2025-01-18 08:47:00,0
INC_0009,Application,Medium,Payment,6,6,2,Assigned,Monitoring,2025-01-18 10:02:00,0
INC_0009,Application,Medium,Payment,6,6,3,Acknowledged,SysAdmin,2025-01-18 11:52:00,0
INC_0010,Database,Low,Email,4,6,1,Escalated,Tier2,2025-01-28 03:09:00,0
INC_0010,Database,Low,Email,4,6,2,Resolved,User,2025-01-28 04:30:00,0
INC_0010,Database,Low,Email,4,6,3,Investigating,Tier2,2025-01-28 05:11:00,0
INC_0011,Database,High,Payment,4,7,1,Escalated,SysAdmin,2025-01-28 00:43:00,0
INC_0011,Database,High,Payment,4,7,2,Assigned,Tier1,2025-01-28 02:16:00,0
INC_0011,Database,High,Payment,4,7,3,Reported,Tier1,2025-01-28 02:46:00,0
INC_0012,Database,Medium,Website,8,3,1,Resolved,Monitoring,2025-01-01 23:56:00,0
INC_0012,Database,Medium,Website,8,3,2,Resolved,User,2025-01-02 01:29:00,0
INC_0012,Database,Medium,Website,8,3,3,Escalated,Tier1,2025-01-02 02:37:00,0
INC_0013,Application,Medium,CRM,3,5,1,Reported,SysAdmin,2025-01-25 05:34:00,0
INC_0013,Application,Medium,CRM,3,5,2,Assigned,Tier2,2025-01-25 07:14:00,0
INC_0013,Application,Medium,CRM,3,5,3,Reported,User,2025-01-25 09:30:00,0
INC_0014,Hardware,High,ERP,7,4,1,Reported,Tier2,2025-01-02 07:56:00,1
INC_0014,Hardware,High,ERP,7,4,2,Reported,SysAdmin,2025-01-02 09:09:00,1
INC_0014,Hardware,High,ERP,7,4,3,Acknowledged,Monitoring,2025-01-02 09:30:00,1
INC_0015,Database,Medium,CRM,9,3,1,Escalated,Monitoring,2025-01-17 19:27:00,1
INC_0015,Database,Medium,CRM,9,3,2,Escalated,Tier1,2025-01-17 19:55:00,1
INC_0015,Database,Medium,CRM,9,3,3,Investigating,Tier1,2025-01-17 22:14:00,1
INC_0016,Database,Critical,Email,4,4,1,Resolved,SysAdmin,2025-01-08 07:04:00,0
INC_0016,Database,Critical,Email,4,4,2,Acknowledged,SysAdmin,2025-01-08 07:48:00,0
INC_0016,Database,Critical,Email,4,4,3,Acknowledged,User,2025-01-08 07:54:00,0
INC_0017,Network,Low,ERP,4,4,1,Resolved,Monitoring,2025-01-03 01:55:00,0
INC_0017,Network,Low,ERP,4,4,2,Assigned,Tier2,2025-01-03 02:38:00,0
INC_0017,Network,Low,ERP,4,4,3,Acknowledged,SysAdmin,2025-01-03 02:57:00,0
INC_0018,Application,Critical,ERP,8,5,1,Reported,User,2025-01-26 15:51:00,1
INC_0018,Application,Critical,ERP,8,5,2,Escalated,Tier2,2025-01-26 16:44:00,1
INC_0018,Application,Critical,ERP,8,5,3,Assigned,Tier2,2025-01-26 17:33:00,1
INC_0019,Database,Critical,Email,4,4,1,Investigating,Tier1,2025-01-22 20:41:00,1
INC_0019,Database,Critical,Email,4,4,2,Reported,Monitoring,2025-01-22 20:54:00,1
INC_0019,Database,Critical,Email,4,4,3,Acknowledged,Monitoring,2025-01-22 21:10:00,1
INC_0020,Database,Medium,Website,8,5,1,Investigating,SysAdmin,2025-01-06 08:29:00,0
INC_0020,Database,Medium,Website,8,5,2,Reported,User,2025-01-06 09:01:00,0
INC_0020,Database,Medium,Website,8,5,3,Escalated,SysAdmin,2025-01-06 09:21:00,0
INC_0021,Network,Low,ERP,6,5,1,Investigating,User,2025-01-06 13:31:00,0
INC_0021,Network,Low,ERP,6,5,2,Acknowledged,Tier2,2025-01-06 14:33:00,0
INC_0021,Network,Low,ERP,6,5,3,Reported,Tier2,2025-01-06 15:28:00,0
INC_0022,Hardware,Critical,CRM,3,3,1,Escalated,Tier2,2025-01-14 22:46:00,0
INC_0022,Hardware,Critical,CRM,3,3,2,Acknowledged,Monitoring,2025-01-15 00:27:00,0
INC_0022,Hardware,Critical,CRM,3,3,3,Assigned,Monitoring,2025-01-15 02:50:00,0
INC_0023,Network,Low,CRM,5,3,1,Resolved,Monitoring,2025-01-02 01:37:00,0
INC_0023,Network,Low,CRM,5,3,2,Reported,SysAdmin,2025-01-02 02:39:00,0
INC_0023,Network,Low,CRM,5,3,3,Reported,Monitoring,2025-01-02 04:48:00,0
INC_0024,Network,Low,ERP,8,4,1,Resolved,SysAdmin,2025-01-13 03:56:00,0
INC_0024,Network,Low,ERP,8,4,2,Reported,SysAdmin,2025-01-13 05:09:00,0
INC_0024,Network,Low,ERP,8,4,3,Reported,Tier2,2025-01-13 06:13:00,0
INC_0025,Hardware,High,ERP,10,5,1,Investigating,Monitoring,2025-01-22 22:20:00,1
INC_0025,Hardware,High,ERP,10,5,2,Escalated,Tier1,2025-01-22 22:51:00,1
INC_0025,Hardware,High,ERP,10,5,3,Investigating,Tier1,2025-01-22 23:59:00,1
INC_0026,Network,Low,Website,6,3,1,Acknowledged,SysAdmin,2025-01-20 18:06:00,0
INC_0026,Network,Low,Website,6,3,2,Assigned,Monitoring,2025-01-20 18:16:00,0
INC_0026,Network,Low,Website,6,3,3,Assigned,User,2025-01-20 20:34:00,0
INC_0027,Application,High,CRM,7,2,1,Resolved,SysAdmin,2025-01-06 14:53:00,1
INC_0027,Application,High,CRM,7,2,2,Reported,SysAdmin,2025-01-06 16:03:00,1
INC_0027,Application,High,CRM,7,2,3,Assigned,User,2025-01-06 17:21:00,1
INC_0028,Application,High,Email,9,3,1,Assigned,Tier1,2025-01-29 03:47:00,0
INC_0028,Application,High,Email,9,3,2,Resolved,Monitoring,2025-01-29 04:58:00,0
INC_0028,Application,High,Email,9,3,3,Escalated,Tier1,2025-01-29 05:38:00,0
INC_0029,Application,High,Payment,3,4,1,Reported,Tier2,2025-01-16 08:57:00,0
INC_0029,Application,High,Payment,3,4,2,Assigned,User,2025-01-16 10:54:00,0
INC_0029,Application,High,Payment,3,4,3,Reported,Tier1,2025-01-16 11:08:00,0
INC_0030,Application,High,ERP,7,6,1,Resolved,User,2025-01-24 14:35:00,0
INC_0030,Application,High,ERP,7,6,2,Reported,User,2025-01-24 16:06:00,0
INC_0030,Application,High,ERP,7,6,3,Escalated,Monitoring,2025-01-24 17:56:00,0
INC_0031,Network,High,Payment,7,7,1,Assigned,Tier1,2025-01-18 04:27:00,0
INC_0031,Network,High,Payment,7,7,2,Reported,Tier1,2025-01-18 04:44:00,0
INC_0031,Network,High,Payment,7,7,3,Acknowledged,Monitoring,2025-01-18 04:55:00,0
INC_0032,Network,High,Payment,11,5,1,Acknowledged,Monitoring,2025-01-29 13:39:00,0
INC_0032,Network,High,Payment,11,5,2,Acknowledged,Tier2,2025-01-29 15:15:00,0
INC_0032,Network,High,Payment,11,5,3,Reported,Monitoring,2025-01-29 15:55:00,0
INC_0033,Hardware,Critical,ERP,6,4,1,Investigating,User,2025-01-09 05:50:00,0
INC_0033,Hardware,Critical,ERP,6,4,2,Investigating,Monitoring,2025-01-09 07:20:00,0
INC_0033,Hardware,Critical,ERP,6,4,3,Acknowledged,Tier2,2025-01-09 07:48:00,0
INC_0034,Hardware,High,ERP,4,5,1,Assigned,Tier1,2025-01-08 00:42:00,1
INC_0034,Hardware,High,ERP,4,5,2,Reported,Tier1,2025-01-08 01:07:00,1
INC_0034,Hardware,High,ERP,4,5,3,Assigned,SysAdmin,2025-01-08 02:50:00,1
INC_0035,Database,High,Email,6,3,1,Reported,User,2025-01-04 08:11:00,1
INC_0035,Database,High,Email,6,3,2,Resolved,Tier2,2025-01-04 09:26:00,1
INC_0035,Database,High,Email,6,3,3,Assigned,Tier1,2025-01-04 10:34:00,1
INC_0036,Database,Low,Website,9,5,1,Escalated,Tier2,2025-01-29 18:12:00,0
INC_0036,Database,Low,Website,9,5,2,Reported,SysAdmin,2025-01-29 18:45:00,0
INC_0036,Database,Low,Website,9,5,3,Resolved,Monitoring,2025-01-29 18:57:00,0
INC_0037,Hardware,Critical,Email,2,3,1,Assigned,User,2025-01-31 21:58:00,1
INC_0037,Hardware,Critical,Email,2,3,2,Escalated,Tier1,2025-01-31 22:41:00,1
INC_0037,Hardware,Critical,Email,2,3,3,Resolved,Tier1,2025-02-01 01:21:00,1
INC_0038,Database,High,Website,6,8,1,Investigating,Tier2,2025-01-23 09:35:00,0
INC_0038,Database,High,Website,6,8,2,Escalated,Monitoring,2025-01-23 09:52:00,0
INC_0038,Database,High,Website,6,8,3,Resolved,SysAdmin,2025-01-23 10:42:00,0
INC_0039,Hardware,Critical,Payment,8,4,1,Investigating,SysAdmin,2025-01-27 00:19:00,1
INC_0039,Hardware,Critical,Payment,8,4,2,Resolved,Tier1,2025-01-27 00:56:00,1
INC_0039,Hardware,Critical,Payment,8,4,3,Investigating,Tier2,2025-01-27 01:50:00,1
INC_0040,Database,Medium,Payment,6,8,1,Assigned,SysAdmin,2025-01-16 23:10:00,0
INC_0040,Database,Medium,Payment,6,8,2,Escalated,SysAdmin,2025-01-17 00:35:00,0
INC_0040,Database,Medium,Payment,6,8,3,Assigned,User,2025-01-17 00:57:00,0
INC_0041,Application,High,ERP,4,5,1,Acknowledged,Tier2,2025-01-26 06:09:00,1
INC_0041,Application,High,ERP,4,5,2,Resolved,User,2025-01-26 06:13:00,1
INC_0041,Application,High,ERP,4,5,3,Investigating,Tier2,2025-01-26 06:25:00,1
INC_0042,Application,Critical,Website,3,6,1,Reported,User,2025-01-13 07:09:00,0
INC_0042,Application,Critical,Website,3,6,2,Investigating,Monitoring,2025-01-13 08:33:00,0
INC_0042,Application,Critical,Website,3,6,3,Acknowledged,SysAdmin,2025-01-13 11:30:00,0
INC_0043,Database,Low,Payment,11,4,1,Escalated,SysAdmin,2025-01-08 03:29:00,0
INC_0043,Database,Low,Payment,11,4,2,Resolved,SysAdmin,2025-01-08 03:47:00,0
INC_0043,Database,Low,Payment,11,4,3,Assigned,Tier2,2025-01-08 05:46:00,0
INC_0044,Database,Critical,ERP,4,5,1,Escalated,Tier1,2025-01-24 15:28:00,1
INC_0044,Database,Critical,ERP,4,5,2,Resolved,Tier2,2025-01-24 16:02:00,1
INC_0044,Database,Critical,ERP,4,5,3,Escalated,Monitoring,2025-01-24 17:06:00,1
INC_0045,Hardware,Critical,Email,11,7,1,Assigned,SysAdmin,2025-01-23 09:15:00,1
INC_0045,Hardware,Critical,Email,11,7,2,Reported,Monitoring,2025-01-23 09:50:00,1
INC_0045,Hardware,Critical,Email,11,7,3,Acknowledged,Monitoring,2025-01-23 11:16:00,1
INC_0046,Database,Medium,ERP,10,3,1,Investigating,Tier2,2025-01-03 13:26:00,0
INC_0046,Database,Medium,ERP,10,3,2,Reported,Monitoring,2025-01-03 14:09:00,0
INC_0046,Database,Medium,ERP,10,3,3,Investigating,Tier2,2025-01-03 16:28:00,0
INC_0047,Network,Critical,Website,2,5,1,Investigating,SysAdmin,2025-01-01 11:19:00,0
INC_0047,Network,Critical,Website,2,5,2,Escalated,SysAdmin,2025-01-01 12:56:00,0
INC_0047,Network,Critical,Website,2,5,3,Resolved,Monitoring,2025-01-01 14:36:00,0
INC_0048,Database,Medium,CRM,8,4,1,Escalated,Tier2,2025-01-14 15:01:00,0
INC_0048,Database,Medium,CRM,8,4,2,Escalated,Monitoring,2025-01-14 15:51:00,0
INC_0048,Database,Medium,CRM,8,4,3,Investigating,Monitoring,2025-01-14 17:18:00,0
INC_0049,Network,Critical,Payment,3,1,1,Investigating,Monitoring,2025-01-19 21:01:00,0
INC_0049,Network,Critical,Payment,3,1,2,Investigating,Monitoring,2025-01-19 21:12:00,0
INC_0049,Network,Critical,Payment,3,1,3,Reported,Tier1,2025-01-19 23:57:00,0
INC_0050,Database,High,ERP,3,8,1,Assigned,Tier2,2025-01-15 10:21:00,0
INC_0050,Database,High,ERP,3,8,2,Assigned,User,2025-01-15 11:59:00,0
INC_0050,Database,High,ERP,3,8,3,Investigating,User,2025-01-15 13:37:00,0
INC_0051,Network,High,ERP,3,4,1,Reported,Monitoring,2025-01-21 02:49:00,0
INC_0051,Network,High,ERP,3,4,2,Acknowledged,User,2025-01-21 04:13:00,0
INC_0051,Network,High,ERP,3,4,3,Resolved,Monitoring,2025-01-21 04:24:00,0
INC_0052,Application,Medium,Website,3,5,1,Escalated,Tier1,2025-01-22 03:36:00,0
INC_0052,Application,Medium,Website,3,5,2,Assigned,Monitoring,2025-01-22 04:04:00,0
INC_0052,Application,Medium,Website,3,5,3,Resolved,SysAdmin,2025-01-22 06:04:00,0
INC_0053,Network,Medium,CRM,8,5,1,Resolved,Tier2,2025-01-04 18:01:00,0
INC_0053,Network,Medium,CRM,8,5,2,Investigating,Monitoring,2025-01-04 20:00:00,0
INC_0053,Network,Medium,CRM,8,5,3,Reported,SysAdmin,2025-01-04 21:20:00,0
INC_0054,Application,Low,CRM,4,7,1,Resolved,User,2025-01-28 21:38:00,0
INC_0054,Application,Low,CRM,4,7,2,Assigned,SysAdmin,2025-01-28 23:22:00,0
INC_0054,Application,Low,CRM,4,7,3,Investigating,Tier1,2025-01-28 23:53:00,0
INC_0055,Network,High,Email,2,5,1,Investigating,Tier1,2025-01-28 13:52:00,0
INC_0055,Network,High,Email,2,5,2,Escalated,Tier2,2025-01-28 14:55:00,0
INC_0055,Network,High,Email,2,5,3,Escalated,Monitoring,2025-01-28 15:23:00,0
INC_0056,Database,Medium,Payment,8,3,1,Investigating,Tier2,2025-01-31 20:17:00,0
INC_0056,Database,Medium,Payment,8,3,2,Investigating,SysAdmin,2025-01-31 21:36:00,0
INC_0056,Database,Medium,Payment,8,3,3,Assigned,Tier1,2025-01-31 23:54:00,0
INC_0057,Application,Low,CRM,5,5,1,Resolved,SysAdmin,2025-01-29 14:15:00,0
INC_0057,Application,Low,CRM,5,5,2,Escalated,Tier2,2025-01-29 15:52:00,0
INC_0057,Application,Low,CRM,5,5,3,Assigned,User,2025-01-29 17:51:00,0
INC_0058,Database,High,ERP,7,5,1,Assigned,Tier1,2025-01-16 06:22:00,1
INC_0058,Database,High,ERP,7,5,2,Resolved,Tier1,2025-01-16 08:05:00,1
INC_0058,Database,High,ERP,7,5,3,Resolved,User,2025-01-16 09:12:00,1
INC_0059,Application,Low,ERP,7,7,1,Escalated,Tier2,2025-01-24 13:31:00,1
INC_0059,Application,Low,ERP,7,7,2,Escalated,Tier2,2025-01-24 14:43:00,1
INC_0059,Application,Low,ERP,7,7,3,Investigating,User,2025-01-24 15:45:00,1
INC_0060,Network,High,ERP,12,1,1,Resolved,Tier1,2025-01-13 22:15:00,0
INC_0060,Network,High,ERP,12,1,2,Investigating,SysAdmin,2025-01-13 22:55:00,0
INC_0060,Network,High,ERP,12,1,3,Resolved,Tier1,2025-01-14 01:45:00,0
INC_0061,Database,High,CRM,5,7,1,Acknowledged,User,2025-01-23 14:17:00,0
INC_0061,Database,High,CRM,5,7,2,Escalated,Monitoring,2025-01-23 14:57:00,0
INC_0061,Database,High,CRM,5,7,3,Assigned,User,2025-01-23 16:02:00,0
INC_0062,Application,Medium,ERP,8,4,1,Resolved,SysAdmin,2025-01-24 15:17:00,1
INC_0062,Application,Medium,ERP,8,4,2,Assigned,User,2025-01-24 16:50:00,1
INC_0062,Application,Medium,ERP,8,4,3,Acknowledged,Tier1,2025-01-24 19:21:00,1
INC_0063,Application,High,ERP,10,2,1,Assigned,User,2025-01-10 00:45:00,0
INC_0063,Application,High,ERP,10,2,2,Reported,SysAdmin,2025-01-10 01:54:00,0
INC_0063,Application,High,ERP,10,2,3,Assigned,Monitoring,2025-01-10 02:27:00,0
INC_0064,Database,Low,Email,6,4,1,Assigned,Monitoring,2025-01-19 09:30:00,0
INC_0064,Database,Low,Email,6,4,2,Reported,Tier1,2025-01-19 10:32:00,0
INC_0064,Database,Low,Email,6,4,3,Investigating,User,2025-01-19 12:25:00,0
INC_0065,Network,Critical,Website,9,7,1,Acknowledged,Monitoring,2025-01-03 18:40:00,1
INC_0065,Network,Critical,Website,9,7,2,Resolved,Tier1,2025-01-03 20:08:00,1
INC_0065,Network,Critical,Website,9,7,3,Reported,Monitoring,2025-01-03 20:22:00,1
INC_0066,Network,Critical,Payment,2,6,1,Investigating,Tier2,2025-01-20 19:14:00,1
INC_0066,Network,Critical,Payment,2,6,2,Investigating,Tier1,2025-01-20 20:54:00,1
INC_0066,Network,Critical,Payment,2,6,3,Resolved,Tier2,2025-01-20 23:08:00,1
INC_0067,Hardware,Low,Payment,8,6,1,Escalated,Monitoring,2025-01-31 23:06:00,0
INC_0067,Hardware,Low,Payment,8,6,2,Assigned,User,2025-02-01 00:44:00,0
INC_0067,Hardware,Low,Payment,8,6,3,Acknowledged,Monitoring,2025-02-01 01:38:00,0
INC_0068,Application,Low,ERP,7,5,1,Investigating,Tier1,2025-01-01 13:28:00,0
INC_0068,Application,Low,ERP,7,5,2,Reported,Monitoring,2025-01-01 14:57:00,0
INC_0068,Application,Low,ERP,7,5,3,Assigned,Tier1,2025-01-01 17:30:00,0
INC_0069,Database,Low,ERP,4,5,1,Resolved,Monitoring,2025-01-30 08:50:00,1
INC_0069,Database,Low,ERP,4,5,2,Investigating,User,2025-01-30 10:32:00,1
INC_0069,Database,Low,ERP,4,5,3,Resolved,Monitoring,2025-01-30 13:13:00,1
INC_0070,Application,High,ERP,6,3,1,Resolved,SysAdmin,2025-01-03 01:10:00,1
INC_0070,Application,High,ERP,6,3,2,Assigned,Tier2,2025-01-03 02:52:00,1
INC_0070,Application,High,ERP,6,3,3,Reported,Tier2,2025-01-03 04:11:00,1
INC_0071,Hardware,Critical,CRM,4,4,1,Resolved,User,2025-01-17 17:31:00,1
INC_0071,Hardware,Critical,CRM,4,4,2,Investigating,Tier1,2025-01-17 18:28:00,1
INC_0071,Hardware,Critical,CRM,4,4,3,Resolved,Tier1,2025-01-17 18:49:00,1
INC_0072,Network,Low,ERP,4,2,1,Resolved,User,2025-01-31 21:53:00,0
INC_0072,Network,Low,ERP,4,2,2,Escalated,Tier1,2025-01-31 23:44:00,0
INC_0072,Network,Low,ERP,4,2,3,Resolved,User,2025-02-01 02:12:00,0
INC_0073,Application,Critical,Payment,5,6,1,Resolved,Tier2,2025-01-21 14:58:00,0
INC_0073,Application,Critical,Payment,5,6,2,Escalated,Tier2,2025-01-21 15:34:00,0
INC_0073,Application,Critical,Payment,5,6,3,Reported,Tier2,2025-01-21 16:21:00,0
INC_0074,Hardware,Critical,CRM,5,3,1,Assigned,Tier2,2025-01-11 21:06:00,1
INC_0074,Hardware,Critical,CRM,5,3,2,Escalated,Tier2,2025-01-11 22:56:00,1
INC_0074,Hardware,Critical,CRM,5,3,3,Assigned,Tier2,2025-01-11 23:38:00,1
INC_0075,Network,Critical,Email,4,6,1,Resolved,User,2025-01-11 08:20:00,0
INC_0075,Network,Critical,Email,4,6,2,Escalated,SysAdmin,2025-01-11 08:35:00,0
INC_0075,Network,Critical,Email,4,6,3,Investigating,Tier2,2025-01-11 10:19:00,0
INC_0076,Network,Medium,Payment,5,5,1,Investigating,User,2025-01-12 19:48:00,1
INC_0076,Network,Medium,Payment,5,5,2,Acknowledged,Tier1,2025-01-12 20:52:00,1
INC_0076,Network,Medium,Payment,5,5,3,Resolved,Monitoring,2025-01-12 23:33:00,1
INC_0077,Hardware,Critical,Website,3,3,1,Escalated,Monitoring,2025-01-04 00:40:00,1
INC_0077,Hardware,Critical,Website,3,3,2,Assigned,SysAdmin,2025-01-04 01:58:00,1
INC_0077,Hardware,Critical,Website,3,3,3,Reported,SysAdmin,2025-01-04 03:00:00,1
INC_0078,Database,Low,ERP,7,2,1,Acknowledged,Tier2,2025-01-27 03:29:00,0
INC_0078,Database,Low,ERP,7,2,2,Escalated,Tier1,2025-01-27 03:45:00,0
INC_0078,Database,Low,ERP,7,2,3,Resolved,Tier1,2025-01-27 06:31:00,0
INC_0079,Database,Critical,Website,5,6,1,Acknowledged,SysAdmin,2025-01-08 14:35:00,1
INC_0079,Database,Critical,Website,5,6,2,Resolved,Monitoring,2025-01-08 14:54:00,1
INC_0079,Database,Critical,Website,5,6,3,Reported,Tier1,2025-01-08 16:33:00,1
INC_0080,Database,High,Payment,5,8,1,Resolved,SysAdmin,2025-01-09 00:18:00,1
INC_0080,Database,High,Payment,5,8,2,Escalated,Tier2,2025-01-09 01:51:00,1
INC_0080,Database,High,Payment,5,8,3,Acknowledged,Tier2,2025-01-09 03:08:00,1
INC_0081,Database,High,CRM,4,1,1,Acknowledged,Monitoring,2025-01-18 17:24:00,0
INC_0081,Database,High,CRM,4,1,2,Resolved,Tier2,2025-01-18 18:23:00,0
INC_0081,Database,High,CRM,4,1,3,Acknowledged,Tier2,2025-01-18 19:46:00,0
INC_0082,Network,High,Website,7,6,1,Acknowledged,Tier2,2025-01-23 12:24:00,0
INC_0082,Network,High,Website,7,6,2,Reported,Monitoring,2025-01-23 13:49:00,0
INC_0082,Network,High,Website,7,6,3,Resolved,SysAdmin,2025-01-23 16:36:00,0
INC_0083,Hardware,Low,Website,7,5,1,Escalated,Monitoring,2025-01-04 16:58:00,1
INC_0083,Hardware,Low,Website,7,5,2,Investigating,Monitoring,2025-01-04 17:57:00,1
INC_0083,Hardware,Low,Website,7,5,3,Reported,Tier2,2025-01-04 18:01:00,1
INC_0084,Hardware,High,Payment,5,1,1,Escalated,SysAdmin,2025-01-23 12:41:00,0
INC_0084,Hardware,High,Payment,5,1,2,Investigating,Tier1,2025-01-23 12:52:00,0
INC_0084,Hardware,High,Payment,5,1,3,Escalated,Tier2,2025-01-23 14:17:00,0
INC_0085,Network,Low,ERP,4,7,1,Escalated,User,2025-01-21 21:58:00,1
INC_0085,Network,Low,ERP,4,7,2,Investigating,User,2025-01-21 22:35:00,1
INC_0085,Network,Low,ERP,4,7,3,Escalated,User,2025-01-21 23:34:00,1
INC_0086,Database,Medium,CRM,10,3,1,Assigned,Tier1,2025-01-29 00:02:00,0
INC_0086,Database,Medium,CRM,10,3,2,Assigned,Tier2,2025-01-29 00:44:00,0
INC_0086,Database,Medium,CRM,10,3,3,Acknowledged,Monitoring,2025-01-29 00:59:00,0
INC_0087,Database,Medium,ERP,5,4,1,Resolved,Monitoring,2025-01-06 02:39:00,0
INC_0087,Database,Medium,ERP,5,4,2,Investigating,SysAdmin,2025-01-06 04:31:00,0
INC_0087,Database,Medium,ERP,5,4,3,Acknowledged,Monitoring,2025-01-06 06:09:00,0
INC_0088,Database,High,Website,3,5,1,Assigned,SysAdmin,2025-01-09 21:00:00,0
INC_0088,Database,High,Website,3,5,2,Acknowledged,User,2025-01-09 22:56:00,0
INC_0088,Database,High,Website,3,5,3,Investigating,Tier1,2025-01-10 00:56:00,0
INC_0089,Hardware,Critical,CRM,8,1,1,Reported,Monitoring,2025-01-15 09:12:00,0
INC_0089,Hardware,Critical,CRM,8,1,2,Investigating,SysAdmin,2025-01-15 10:02:00,0
INC_0089,Hardware,Critical,CRM,8,1,3,Assigned,SysAdmin,2025-01-15 12:06:00,0
INC_0090,Hardware,High,Email,8,4,1,Resolved,User,2025-01-27 21:25:00,0
INC_0090,Hardware,High,Email,8,4,2,Resolved,Tier2,2025-01-27 22:01:00,0
INC_0090,Hardware,High,Email,8,4,3,Assigned,Monitoring,2025-01-27 22:04:00,0
INC_0091,Hardware,Medium,ERP,8,4,1,Escalated,Monitoring,2025-01-20 08:43:00,1
INC_0091,Hardware,Medium,ERP,8,4,2,Escalated,User,2025-01-20 10:20:00,1
INC_0091,Hardware,Medium,ERP,8,4,3,Escalated,User,2025-01-20 13:09:00,1
INC_0092,Hardware,Critical,Email,6,3,1,Assigned,Tier1,2025-01-19 11:46:00,0
INC_0092,Hardware,Critical,Email,6,3,2,Escalated,Tier2,2025-01-19 12:03:00,0
INC_0092,Hardware,Critical,Email,6,3,3,Acknowledged,Monitoring,2025-01-19 12:27:00,0
INC_0093,Application,High,Payment,4,4,1,Investigating,Tier1,2025-01-17 08:53:00,1
INC_0093,Application,High,Payment,4,4,2,Escalated,Tier1,2025-01-17 09:15:00,1
INC_0093,Application,High,Payment,4,4,3,Reported,Tier2,2025-01-17 10:21:00,1
INC_0094,Network,Medium,ERP,8,5,1,Resolved,Tier1,2025-01-28 21:46:00,0
INC_0094,Network,Medium,ERP,8,5,2,Reported,Tier2,2025-01-28 23:13:00,0
INC_0094,Network,Medium,ERP,8,5,3,Reported,Tier1,2025-01-29 00:55:00,0
INC_0095,Network,Critical,CRM,7,4,1,Investigating,Tier1,2025-01-22 23:43:00,0
INC_0095,Network,Critical,CRM,7,4,2,Reported,Monitoring,2025-01-23 00:17:00,0
INC_0095,Network,Critical,CRM,7,4,3,Investigating,User,2025-01-23 02:47:00,0
INC_0096,Hardware,Medium,Email,9,5,1,Escalated,Tier2,2025-01-21 14:58:00,0
INC_0096,Hardware,Medium,Email,9,5,2,Reported,Monitoring,2025-01-21 16:28:00,0
INC_0096,Hardware,Medium,Email,9,5,3,Reported,User,2025-01-21 17:46:00,0
INC_0097,Hardware,Critical,Email,7,10,1,Investigating,Tier2,2025-01-04 07:56:00,1
INC_0097,Hardware,Critical,Email,7,10,2,Assigned,SysAdmin,2025-01-04 09:05:00,1
INC_0097,Hardware,Critical,Email,7,10,3,Investigating,SysAdmin,2025-01-04 09:40:00,1
INC_0098,Application,Critical,Email,4,6,1,Reported,Tier1,2025-01-27 15:39:00,1
INC_0098,Application,Critical,Email,4,6,2,Acknowledged,Tier2,2025-01-27 16:32:00,1
INC_0098,Application,Critical,Email,4,6,3,Investigating,Monitoring,2025-01-27 17:44:00,1
INC_0099,Hardware,Low,CRM,8,2,1,Assigned,Monitoring,2025-01-18 20:22:00,1
INC_0099,Hardware,Low,CRM,8,2,2,Reported,Tier2,2025-01-18 20:30:00,1
INC_0099,Hardware,Low,CRM,8,2,3,Reported,Monitoring,2025-01-18 22:12:00,1
INC_0100,Network,Low,CRM,7,4,1,Reported,SysAdmin,2025-01-08 04:50:00,0
INC_0100,Network,Low,CRM,7,4,2,Acknowledged,SysAdmin,2025-01-08 06:03:00,0
INC_0100,Network,Low,CRM,7,4,3,Acknowledged,Monitoring,2025-01-08 06:56:00,0
INC_0101,Hardware,Medium,Payment,5,5,1,Resolved,Tier1,2025-01-01 08:54:00,0
INC_0101,Hardware,Medium,Payment,5,5,2,Acknowledged,User,2025-01-01 09:13:00,0
INC_0101,Hardware,Medium,Payment,5,5,3,Escalated,User,2025-01-01 09:47:00,0
INC_0102,Application,Low,CRM,5,5,1,Acknowledged,Tier1,2025-01-26 07:37:00,1
INC_0102,Application,Low,CRM,5,5,2,Reported,Monitoring,2025-01-26 08:19:00,1
INC_0102,Application,Low,CRM,5,5,3,Escalated,Tier2,2025-01-26 08:24:00,1
INC_0103,Network,Low,Website,4,4,1,Investigating,SysAdmin,2025-01-15 11:32:00,0
INC_0103,Network,Low,Website,4,4,2,Acknowledged,SysAdmin,2025-01-15 12:48:00,0
INC_0103,Network,Low,Website,4,4,3,Reported,SysAdmin,2025-01-15 13:16:00,0
INC_0104,Hardware,Critical,Email,5,8,1,Escalated,User,2025-01-02 15:54:00,0
INC_0104,Hardware,Critical,Email,5,8,2,Investigating,Tier2,2025-01-02 16:46:00,0
INC_0104,Hardware,Critical,Email,5,8,3,Reported,User,2025-01-02 18:36:00,0
INC_0105,Hardware,Medium,Email,6,5,1,Resolved,Tier1,2025-01-05 08:39:00,0
INC_0105,Hardware,Medium,Email,6,5,2,Investigating,SysAdmin,2025-01-05 10:01:00,0
INC_0105,Hardware,Medium,Email,6,5,3,Resolved,Tier1,2025-01-05 12:31:00,0
INC_0106,Database,Critical,Email,2,3,1,Escalated,SysAdmin,2025-01-26 22:07:00,1
INC_0106,Database,Critical,Email,2,3,2,Escalated,Monitoring,2025-01-26 23:57:00,1
INC_0106,Database,Critical,Email,2,3,3,Investigating,Tier2,2025-01-27 02:45:00,1
INC_0107,Application,Critical,CRM,3,3,1,Assigned,Tier2,2025-01-27 14:25:00,0
INC_0107,Application,Critical,CRM,3,3,2,Assigned,Tier1,2025-01-27 15:19:00,0
INC_0107,Application,Critical,CRM,3,3,3,Assigned,Monitoring,2025-01-27 15:44:00,0
INC_0108,Database,Low,Email,3,5,1,Escalated,Tier1,2025-01-27 02:05:00,0
INC_0108,Database,Low,Email,3,5,2,Acknowledged,SysAdmin,2025-01-27 03:01:00,0
INC_0108,Database,Low,Email,3,5,3,Reported,SysAdmin,2025-01-27 03:26:00,0
INC_0109,Hardware,Low,Website,8,1,1,Assigned,SysAdmin,2025-01-12 21:48:00,0
INC_0109,Hardware,Low,Website,8,1,2,Assigned,Tier1,2025-01-12 22:43:00,0
INC_0109,Hardware,Low,Website,8,1,3,Reported,SysAdmin,2025-01-12 22:57:00,0
INC_0110,Application,Medium,Website,6,8,1,Assigned,User,2025-01-08 03:22:00,0
INC_0110,Application,Medium,Website,6,8,2,Assigned,SysAdmin,2025-01-08 05:11:00,0
INC_0110,Application,Medium,Website,6,8,3,Acknowledged,Tier2,2025-01-08 07:34:00,0
INC_0111,Network,High,Email,7,4,1,Assigned,Tier1,2025-01-06 08:44:00,0
INC_0111,Network,High,Email,7,4,2,Reported,Monitoring,2025-01-06 10:22:00,0
INC_0111,Network,High,Email,7,4,3,Acknowledged,SysAdmin,2025-01-06 11:42:00,0
INC_0112,Database,Low,ERP,4,7,1,Acknowledged,Tier2,2025-01-24 20:01:00,0
INC_0112,Database,Low,ERP,4,7,2,Investigating,Tier2,2025-01-24 20:13:00,0
INC_0112,Database,Low,ERP,4,7,3,Assigned,Monitoring,2025-01-24 22:29:00,0
INC_0113,Hardware,High,CRM,7,1,1,Acknowledged,Monitoring,2025-01-25 18:38:00,0
INC_0113,Hardware,High,CRM,7,1,2,Resolved,User,2025-01-25 18:49:00,0
INC_0113,Hardware,High,CRM,7,1,3,Escalated,User,2025-01-25 19:03:00,0
INC_0114,Hardware,Critical,Website,4,6,1,Acknowledged,SysAdmin,2025-01-16 19:28:00,1
INC_0114,Hardware,Critical,Website,4,6,2,Reported,Tier1,2025-01-16 20:22:00,1
INC_0114,Hardware,Critical,Website,4,6,3,Investigating,User,2025-01-16 21:32:00,1
INC_0115,Hardware,Critical,Payment,9,3,1,Resolved,User,2025-01-22 09:02:00,1
INC_0115,Hardware,Critical,Payment,9,3,2,Reported,Monitoring,2025-01-22 09:31:00,1
INC_0115,Hardware,Critical,Payment,9,3,3,Assigned,Monitoring,2025-01-22 11:13:00,1
INC_0116,Application,High,CRM,5,5,1,Acknowledged,Monitoring,2025-01-11 03:00:00,1
INC_0116,Application,High,CRM,5,5,2,Investigating,SysAdmin,2025-01-11 04:04:00,1
INC_0116,Application,High,CRM,5,5,3,Escalated,Monitoring,2025-01-11 05:55:00,1
INC_0117,Hardware,Low,Website,9,3,1,Investigating,User,2025-01-28 23:02:00,0
INC_0117,Hardware,Low,Website,9,3,2,Assigned,SysAdmin,2025-01-28 23:58:00,0
INC_0117,Hardware,Low,Website,9,3,3,Investigating,SysAdmin,2025-01-29 00:03:00,0
INC_0118,Database,Critical,CRM,5,5,1,Resolved,Tier2,2025-01-04 12:01:00,0
INC_0118,Database,Critical,CRM,5,5,2,Escalated,Tier1,2025-01-04 12:43:00,0
INC_0118,Database,Critical,CRM,5,5,3,Reported,Tier2,2025-01-04 13:27:00,0
INC_0119,Network,Medium,Website,8,1,1,Assigned,Tier1,2025-01-19 12:33:00,1
INC_0119,Network,Medium,Website,8,1,2,Acknowledged,Tier1,2025-01-19 12:44:00,1
INC_0119,Network,Medium,Website,8,1,3,Acknowledged,User,2025-01-19 14:26:00,1
INC_0120,Network,Medium,CRM,6,7,1,Acknowledged,User,2025-01-12 23:52:00,0
INC_0120,Network,Medium,CRM,6,7,2,Acknowledged,Tier1,2025-01-13 01:15:00,0
INC_0120,Network,Medium,CRM,6,7,3,Acknowledged,Monitoring,2025-01-13 01:53:00,0
INC_0121,Application,Low,ERP,8,6,1,Resolved,Tier2,2025-01-31 20:31:00,1
INC_0121,Application,Low,ERP,8,6,2,Escalated,SysAdmin,2025-01-31 21:31:00,1
INC_0121,Application,Low,ERP,8,6,3,Escalated,SysAdmin,2025-01-31 23:56:00,1
INC_0122,Hardware,High,ERP,11,5,1,Assigned,Tier1,2025-01-15 02:30:00,0
INC_0122,Hardware,High,ERP,11,5,2,Resolved,User,2025-01-15 03:27:00,0
INC_0122,Hardware,High,ERP,11,5,3,Assigned,SysAdmin,2025-01-15 06:09:00,0
INC_0123,Network,High,Website,3,2,1,Reported,User,2025-01-15 01:03:00,0
INC_0123,Network,High,Website,3,2,2,Resolved,SysAdmin,2025-01-15 01:51:00,0
INC_0123,Network,High,Website,3,2,3,Resolved,Tier2,2025-01-15 03:05:00,0
INC_0124,Database,Low,Website,5,7,1,Resolved,Tier2,2025-01-30 18:41:00,0
INC_0124,Database,Low,Website,5,7,2,Resolved,Monitoring,2025-01-30 19:06:00,0
INC_0124,Database,Low,Website,5,7,3,Reported,Tier2,2025-01-30 20:29:00,0
INC_0125,Network,High,Email,4,5,1,Escalated,Tier2,2025-01-17 20:11:00,0
INC_0125,Network,High,Email,4,5,2,Investigating,SysAdmin,2025-01-17 20:17:00,0
INC_0125,Network,High,Email,4,5,3,Resolved,SysAdmin,2025-01-17 21:21:00,0
INC_0126,Application,High,CRM,12,7,1,Escalated,SysAdmin,2025-01-30 09:24:00,0
INC_0126,Application,High,CRM,12,7,2,Reported,Tier1,2025-01-30 10:17:00,0
INC_0126,Application,High,CRM,12,7,3,Reported,Tier1,2025-01-30 11:44:00,0
INC_0127,Network,Critical,CRM,4,2,1,Acknowledged,Tier1,2025-01-09 23:54:00,1
INC_0127,Network,Critical,CRM,4,2,2,Reported,SysAdmin,2025-01-10 01:19:00,1
INC_0127,Network,Critical,CRM,4,2,3,Escalated,Monitoring,2025-01-10 03:54:00,1
INC_0128,Hardware,High,Website,4,3,1,Resolved,Tier2,2025-01-05 19:45:00,0
INC_0128,Hardware,High,Website,4,3,2,Escalated,Tier1,2025-01-05 19:56:00,0
INC_0128,Hardware,High,Website,4,3,3,Acknowledged,SysAdmin,2025-01-05 21:16:00,0
INC_0129,Network,Critical,Payment,5,9,1,Acknowledged,Tier1,2025-01-12 00:23:00,1
INC_0129,Network,Critical,Payment,5,9,2,Investigating,Monitoring,2025-01-12 01:03:00,1
INC_0129,Network,Critical,Payment,5,9,3,Acknowledged,Monitoring,2025-01-12 01:50:00,1
INC_0130,Application,Low,CRM,8,3,1,Escalated,SysAdmin,2025-01-28 03:32:00,1
INC_0130,Application,Low,CRM,8,3,2,Reported,Tier1,2025-01-28 05:11:00,1
INC_0130,Application,Low,CRM,8,3,3,Resolved,Monitoring,2025-01-28 07:30:00,1
INC_0131,Database,Medium,ERP,4,4,1,Escalated,Tier2,2025-01-06 22:49:00,0
INC_0131,Database,Medium,ERP,4,4,2,Reported,Tier2,2025-01-07 00:09:00,0
INC_0131,Database,Medium,ERP,4,4,3,Assigned,Monitoring,2025-01-07 00:52:00,0
INC_0132,Database,High,Website,5,2,1,Acknowledged,Tier1,2025-01-08 17:15:00,0
INC_0132,Database,High,Website,5,2,2,Escalated,SysAdmin,2025-01-08 17:55:00,0
INC_0132,Database,High,Website,5,2,3,Investigating,Tier2,2025-01-08 19:56:00,0
INC_0133,Hardware,Critical,Payment,6,5,1,Resolved,Monitoring,2025-01-17 13:10:00,0
INC_0133,Hardware,Critical,Payment,6,5,2,Assigned,User,2025-01-17 14:55:00,0
INC_0133,Hardware,Critical,Payment,6,5,3,Escalated,Tier2,2025-01-17 15:47:00,0
INC_0134,Hardware,Low,Payment,5,5,1,Assigned,Tier2,2025-01-28 03:18:00,0
INC_0134,Hardware,Low,Payment,5,5,2,Resolved,Monitoring,2025-01-28 03:29:00,0
INC_0134,Hardware,Low,Payment,5,5,3,Investigating,User,2025-01-28 04:11:00,0
INC_0135,Application,Critical,CRM,4,1,1,Resolved,Tier1,2025-01-30 00:26:00,0
INC_0135,Application,Critical,CRM,4,1,2,Acknowledged,Tier2,2025-01-30 00:33:00,0
INC_0135,Application,Critical,CRM,4,1,3,Reported,Tier1,2025-01-30 02:15:00,0
INC_0136,Application,Low,CRM,12,3,1,Assigned,Monitoring,2025-01-30 03:53:00,0
INC_0136,Application,Low,CRM,12,3,2,Acknowledged,User,2025-01-30 05:25:00,0
INC_0136,Application,Low,CRM,12,3,3,Assigned,Tier2,2025-01-30 08:12:00,0
INC_0137,Application,Critical,Website,7,4,1,Assigned,Monitoring,2025-01-20 00:57:00,1
INC_0137,Application,Critical,Website,7,4,2,Acknowledged,SysAdmin,2025-01-20 01:08:00,1
INC_0137,Application,Critical,Website,7,4,3,Escalated,SysAdmin,2025-01-20 01:13:00,1
INC_0138,Database,Low,CRM,6,5,1,Investigating,SysAdmin,2025-01-08 09:07:00,0
INC_0138,Database,Low,CRM,6,5,2,Investigating,User,2025-01-08 09:14:00,0
INC_0138,Database,Low,CRM,6,5,3,Reported,Tier2,2025-01-08 10:16:00,0
INC_0139,Network,Medium,ERP,8,5,1,Acknowledged,SysAdmin,2025-01-10 13:00:00,0
INC_0139,Network,Medium,ERP,8,5,2,Investigating,Monitoring,2025-01-10 14:19:00,0
INC_0139,Network,Medium,ERP,8,5,3,Escalated,User,2025-01-10 15:50:00,0
INC_0140,Hardware,Low,Payment,7,8,1,Reported,Tier2,2025-01-18 16:50:00,0
INC_0140,Hardware,Low,Payment,7,8,2,Investigating,User,2025-01-18 17:55:00,0
INC_0140,Hardware,Low,Payment,7,8,3,Escalated,Tier2,2025-01-18 20:17:00,0
INC_0141,Hardware,High,Email,5,3,1,Escalated,User,2025-01-12 02:22:00,0
INC_0141,Hardware,High,Email,5,3,2,Resolved,Tier1,2025-01-12 02:53:00,0
INC_0141,Hardware,High,Email,5,3,3,Acknowledged,User,2025-01-12 05:42:00,0
INC_0142,Hardware,High,ERP,2,5,1,Escalated,Monitoring,2025-01-27 21:29:00,1
INC_0142,Hardware,High,ERP,2,5,2,Acknowledged,User,2025-01-27 22:59:00,1
INC_0142,Hardware,High,ERP,2,5,3,Escalated,Tier2,2025-01-28 01:02:00,1
INC_0143,Network,High,ERP,8,5,1,Assigned,SysAdmin,2025-01-02 06:56:00,0
INC_0143,Network,High,ERP,8,5,2,Investigating,SysAdmin,2025-01-02 07:02:00,0
INC_0143,Network,High,ERP,8,5,3,Investigating,Tier1,2025-01-02 08:23:00,0
INC_0144,Network,Medium,CRM,5,3,1,Assigned,User,2025-01-12 01:55:00,0
INC_0144,Network,Medium,CRM,5,3,2,Assigned,Tier2,2025-01-12 03:19:00,0
INC_0144,Network,Medium,CRM,5,3,3,Investigating,Tier2,2025-01-12 04:44:00,0
INC_0145,Database,High,ERP,6,6,1,Assigned,User,2025-01-16 22:31:00,1
INC_0145,Database,High,ERP,6,6,2,Escalated,Tier2,2025-01-16 23:19:00,1
INC_0145,Database,High,ERP,6,6,3,Reported,Tier2,2025-01-17 01:32:00,1
INC_0146,Application,High,CRM,2,4,1,Assigned,Tier2,2025-01-04 02:20:00,0
INC_0146,Application,High,CRM,2,4,2,Resolved,Tier2,2025-01-04 03:45:00,0
INC_0146,Application,High,CRM,2,4,3,Acknowledged,Tier2,2025-01-04 05:01:00,0
INC_0147,Hardware,Critical,Email,11,5,1,Escalated,User,2025-01-24 11:39:00,0
INC_0147,Hardware,Critical,Email,11,5,2,Reported,Tier2,2025-01-24 12:35:00,0
INC_0147,Hardware,Critical,Email,11,5,3,Assigned,SysAdmin,2025-01-24 13:46:00,0
INC_0148,Application,Low,ERP,4,6,1,Reported,Monitoring,2025-01-28 19:43:00,0
INC_0148,Application,Low,ERP,4,6,2,Reported,Monitoring,2025-01-28 21:24:00,0
INC_0148,Application,Low,ERP,4,6,3,Escalated,Tier1,2025-01-28 23:17:00,0
INC_0149,Hardware,Critical,Payment,3,1,1,Assigned,Tier1,2025-01-02 19:09:00,0
INC_0149,Hardware,Critical,Payment,3,1,2,Investigating,User,2025-01-02 20:36:00,0
INC_0149,Hardware,Critical,Payment,3,1,3,Resolved,Monitoring,2025-01-02 22:32:00,0
INC_0150,Hardware,Critical,CRM,3,6,1,Escalated,Monitoring,2025-01-21 08:15:00,1
INC_0150,Hardware,Critical,CRM,3,6,2,Investigating,SysAdmin,2025-01-21 08:30:00,1
INC_0150,Hardware,Critical,CRM,3,6,3,Investigating,SysAdmin,2025-01-21 08:37:00,1
INC_0151,Network,High,CRM,8,3,1,Escalated,Tier2,2025-01-23 14:13:00,1
INC_0151,Network,High,CRM,8,3,2,Acknowledged,User,2025-01-23 15:32:00,1
INC_0151,Network,High,CRM,8,3,3,Acknowledged,User,2025-01-23 16:46:00,1
INC_0152,Database,Medium,Website,7,4,1,Assigned,User,2025-01-03 21:54:00,0
INC_0152,Database,Medium,Website,7,4,2,Resolved,SysAdmin,2025-01-03 22:35:00,0
INC_0152,Database,Medium,Website,7,4,3,Assigned,Tier1,2025-01-04 01:26:00,0
INC_0153,Application,Medium,CRM,4,4,1,Acknowledged,Tier2,2025-01-17 07:07:00,1
INC_0153,Application,Medium,CRM,4,4,2,Reported,Tier1,2025-01-17 07:33:00,1
INC_0153,Application,Medium,CRM,4,4,3,Resolved,SysAdmin,2025-01-17 08:09:00,1
INC_0154,Hardware,Critical,Payment,6,3,1,Assigned,Tier2,2025-01-05 19:56:00,0
INC_0154,Hardware,Critical,Payment,6,3,2,Escalated,Tier2,2025-01-05 20:08:00,0
INC_0154,Hardware,Critical,Payment,6,3,3,Resolved,Tier2,2025-01-05 20:25:00,0
INC_0155,Database,Low,ERP,4,8,1,Escalated,SysAdmin,2025-01-11 20:04:00,0
INC_0155,Database,Low,ERP,4,8,2,Assigned,Monitoring,2025-01-11 21:02:00,0
INC_0155,Database,Low,ERP,4,8,3,Resolved,SysAdmin,2025-01-11 23:02:00,0
INC_0156,Application,Medium,Website,7,5,1,Acknowledged,Tier1,2025-01-17 01:53:00,0
INC_0156,Application,Medium,Website,7,5,2,Acknowledged,Monitoring,2025-01-17 02:09:00,0
INC_0156,Application,Medium,Website,7,5,3,Assigned,Monitoring,2025-01-17 04:22:00,0
INC_0157,Hardware,High,Email,6,3,1,Acknowledged,Tier1,2025-01-09 06:40:00,0
INC_0157,Hardware,High,Email,6,3,2,Resolved,SysAdmin,2025-01-09 07:51:00,0
INC_0157,Hardware,High,Email,6,3,3,Reported,SysAdmin,2025-01-09 09:02:00,0
INC_0158,Application,Medium,ERP,7,4,1,Assigned,SysAdmin,2025-01-22 19:46:00,0
INC_0158,Application,Medium,ERP,7,4,2,Reported,User,2025-01-22 21:42:00,0
INC_0158,Application,Medium,ERP,7,4,3,Reported,User,2025-01-23 00:17:00,0
INC_0159,Hardware,Medium,Payment,8,7,1,Escalated,SysAdmin,2025-01-14 19:40:00,0
INC_0159,Hardware,Medium,Payment,8,7,2,Assigned,Tier1,2025-01-14 19:44:00,0
INC_0159,Hardware,Medium,Payment,8,7,3,Investigating,Monitoring,2025-01-14 21:52:00,0
INC_0160,Database,High,Website,6,4,1,Investigating,Tier2,2025-01-03 22:03:00,0
INC_0160,Database,High,Website,6,4,2,Investigating,Monitoring,2025-01-03 22:24:00,0
INC_0160,Database,High,Website,6,4,3,Assigned,SysAdmin,2025-01-04 00:17:00,0
INC_0161,Application,High,CRM,9,7,1,Resolved,SysAdmin,2025-01-24 11:25:00,0
INC_0161,Application,High,CRM,9,7,2,Reported,Tier1,2025-01-24 11:42:00,0
INC_0161,Application,High,CRM,9,7,3,Acknowledged,Tier2,2025-01-24 13:17:00,0
INC_0162,Network,High,Website,5,7,1,Investigating,SysAdmin,2025-01-08 04:06:00,0
INC_0162,Network,High,Website,5,7,2,Investigating,Monitoring,2025-01-08 04:13:00,0
INC_0162,Network,High,Website,5,7,3,Acknowledged,Tier1,2025-01-08 05:28:00,0
INC_0163,Hardware,Medium,ERP,7,7,1,Investigating,User,2025-01-16 16:29:00,1
INC_0163,Hardware,Medium,ERP,7,7,2,Reported,Tier2,2025-01-16 17:33:00,1
INC_0163,Hardware,Medium,ERP,7,7,3,Resolved,Tier2,2025-01-16 18:52:00,1
INC_0164,Application,Medium,Payment,7,1,1,Resolved,Tier2,2025-01-12 01:03:00,0
INC_0164,Application,Medium,Payment,7,1,2,Assigned,SysAdmin,2025-01-12 01:40:00,0
INC_0164,Application,Medium,Payment,7,1,3,Reported,User,2025-01-12 03:47:00,0
INC_0165,Database,Medium,CRM,4,1,1,Reported,Tier2,2025-01-24 11:48:00,0
INC_0165,Database,Medium,CRM,4,1,2,Reported,SysAdmin,2025-01-24 12:40:00,0
INC_0165,Database,Medium,CRM,4,1,3,Resolved,Monitoring,2025-01-24 14:14:00,0
INC_0166,Hardware,High,Email,6,5,1,Assigned,SysAdmin,2025-01-13 16:28:00,1
INC_0166,Hardware,High,Email,6,5,2,Escalated,SysAdmin,2025-01-13 18:06:00,1
INC_0166,Hardware,High,Email,6,5,3,Reported,Monitoring,2025-01-13 20:27:00,1
INC_0167,Network,Critical,CRM,9,4,1,Acknowledged,SysAdmin,2025-01-26 10:35:00,0
INC_0167,Network,Critical,CRM,9,4,2,Resolved,Tier2,2025-01-26 11:22:00,0
INC_0167,Network,Critical,CRM,9,4,3,Resolved,User,2025-01-26 11:59:00,0
INC_0168,Network,Low,ERP,3,4,1,Investigating,Monitoring,2025-01-23 10:51:00,0
INC_0168,Network,Low,ERP,3,4,2,Resolved,SysAdmin,2025-01-23 11:52:00,0
INC_0168,Network,Low,ERP,3,4,3,Acknowledged,Tier1,2025-01-23 14:05:00,0
INC_0169,Hardware,Medium,Website,4,5,1,Assigned,SysAdmin,2025-01-20 23:53:00,0
INC_0169,Hardware,Medium,Website,4,5,2,Resolved,SysAdmin,2025-01-21 00:32:00,0
INC_0169,Hardware,Medium,Website,4,5,3,Investigating,SysAdmin,2025-01-21 03:04:00,0
INC_0170,Hardware,Critical,Email,6,5,1,Resolved,Tier1,2025-01-12 10:43:00,1
INC_0170,Hardware,Critical,Email,6,5,2,Escalated,User,2025-01-12 10:58:00,1
INC_0170,Hardware,Critical,Email,6,5,3,Resolved,Tier2,2025-01-12 12:45:00,1
INC_0171,Hardware,Medium,Email,6,7,1,Escalated,SysAdmin,2025-01-19 15:10:00,1
INC_0171,Hardware,Medium,Email,6,7,2,Investigating,Monitoring,2025-01-19 16:18:00,1
INC_0171,Hardware,Medium,Email,6,7,3,Escalated,Monitoring,2025-01-19 19:00:00,1
INC_0172,Network,Low,ERP,9,4,1,Investigating,Monitoring,2025-01-01 14:20:00,0
INC_0172,Network,Low,ERP,9,4,2,Investigating,SysAdmin,2025-01-01 15:14:00,0
INC_0172,Network,Low,ERP,9,4,3,Resolved,Tier2,2025-01-01 15:53:00,0
INC_0173,Network,Medium,Payment,7,7,1,Resolved,Tier2,2025-01-07 17:20:00,0
INC_0173,Network,Medium,Payment,7,7,2,Assigned,Monitoring,2025-01-07 18:45:00,0
INC_0173,Network,Medium,Payment,7,7,3,Investigating,SysAdmin,2025-01-07 20:48:00,0
INC_0174,Hardware,High,CRM,11,4,1,Resolved,Tier1,2025-01-20 15:12:00,1
INC_0174,Hardware,High,CRM,11,4,2,Acknowledged,Tier1,2025-01-20 15:44:00,1
INC_0174,Hardware,High,CRM,11,4,3,Assigned,Monitoring,2025-01-20 16:56:00,1
INC_0175,Database,High,Website,2,2,1,Assigned,User,2025-01-12 17:59:00,0
INC_0175,Database,High,Website,2,2,2,Resolved,SysAdmin,2025-01-12 19:59:00,0
INC_0175,Database,High,Website,2,2,3,Investigating,Tier2,2025-01-12 21:10:00,0
INC_0176,Hardware,Medium,CRM,6,2,1,Investigating,Tier1,2025-01-02 09:45:00,1
INC_0176,Hardware,Medium,CRM,6,2,2,Escalated,Tier2,2025-01-02 09:56:00,1
INC_0176,Hardware,Medium,CRM,6,2,3,Acknowledged,Monitoring,2025-01-02 11:25:00,1
INC_0177,Hardware,High,ERP,9,2,1,Acknowledged,User,2025-01-04 19:47:00,0
INC_0177,Hardware,High,ERP,9,2,2,Escalated,SysAdmin,2025-01-04 21:03:00,0
INC_0177,Hardware,High,ERP,9,2,3,Acknowledged,Monitoring,2025-01-04 22:05:00,0
INC_0178,Network,Low,Website,8,1,1,Acknowledged,User,2025-01-11 22:30:00,1
INC_0178,Network,Low,Website,8,1,2,Resolved,Monitoring,2025-01-11 22:43:00,1
INC_0178,Network,Low,Website,8,1,3,Investigating,Tier2,2025-01-12 01:38:00,1
INC_0179,Database,Medium,CRM,2,4,1,Escalated,SysAdmin,2025-01-11 09:41:00,0
INC_0179,Database,Medium,CRM,2,4,2,Acknowledged,SysAdmin,2025-01-11 09:49:00,0
INC_0179,Database,Medium,CRM,2,4,3,Escalated,User,2025-01-11 10:12:00,0
INC_0180,Application,Critical,ERP,4,5,1,Acknowledged,Tier1,2025-01-30 01:53:00,0
INC_0180,Application,Critical,ERP,4,5,2,Reported,User,2025-01-30 02:44:00,0
INC_0180,Application,Critical,ERP,4,5,3,Assigned,SysAdmin,2025-01-30 04:51:00,0
INC_0181,Network,High,CRM,6,8,1,Acknowledged,SysAdmin,2025-01-15 20:34:00,1
INC_0181,Network,High,CRM,6,8,2,Investigating,Tier1,2025-01-15 21:42:00,1
INC_0181,Network,High,CRM,6,8,3,Acknowledged,User,2025-01-15 23:49:00,1
INC_0182,Hardware,Medium,Website,4,6,1,Escalated,Tier1,2025-01-21 08:45:00,1
INC_0182,Hardware,Medium,Website,4,6,2,Assigned,SysAdmin,2025-01-21 09:09:00,1
INC_0182,Hardware,Medium,Website,4,6,3,Escalated,Monitoring,2025-01-21 09:13:00,1
INC_0183,Application,Critical,Website,5,4,1,Reported,Monitoring,2025-01-17 10:05:00,0
INC_0183,Application,Critical,Website,5,4,2,Acknowledged,Tier2,2025-01-17 10:57:00,0
INC_0183,Application,Critical,Website,5,4,3,Assigned,Monitoring,2025-01-17 13:49:00,0
INC_0184,Network,High,Website,7,6,1,Assigned,SysAdmin,2025-01-08 14:48:00,1
INC_0184,Network,High,Website,7,6,2,Escalated,SysAdmin,2025-01-08 15:23:00,1
INC_0184,Network,High,Website,7,6,3,Reported,Tier1,2025-01-08 16:48:00,1
INC_0185,Hardware,Medium,Email,7,3,1,Investigating,SysAdmin,2025-01-22 03:29:00,0
INC_0185,Hardware,Medium,Email,7,3,2,Escalated,Tier1,2025-01-22 04:09:00,0
INC_0185,Hardware,Medium,Email,7,3,3,Escalated,User,2025-01-22 04:50:00,0
INC_0186,Hardware,High,Payment,6,6,1,Investigating,SysAdmin,2025-01-08 07:08:00,1
INC_0186,Hardware,High,Payment,6,6,2,Assigned,Tier2,2025-01-08 08:10:00,1
INC_0186,Hardware,High,Payment,6,6,3,Escalated,SysAdmin,2025-01-08 08:50:00,1
INC_0187,Database,Medium,ERP,5,7,1,Resolved,Tier2,2025-01-22 19:55:00,0
INC_0187,Database,Medium,ERP,5,7,2,Resolved,Tier1,2025-01-22 21:36:00,0
INC_0187,Database,Medium,ERP,5,7,3,Reported,SysAdmin,2025-01-22 21:57:00,0
INC_0188,Network,Low,Payment,6,8,1,Acknowledged,Monitoring,2025-01-29 16:12:00,0
INC_0188,Network,Low,Payment,6,8,2,Assigned,SysAdmin,2025-01-29 17:26:00,0
INC_0188,Network,Low,Payment,6,8,3,Investigating,User,2025-01-29 19:44:00,0
INC_0189,Application,Critical,Email,7,6,1,Investigating,Monitoring,2025-01-29 16:28:00,1
INC_0189,Application,Critical,Email,7,6,2,Resolved,Tier2,2025-01-29 18:12:00,1
INC_0189,Application,Critical,Email,7,6,3,Investigating,SysAdmin,2025-01-29 18:27:00,1
INC_0190,Network,Critical,CRM,3,8,1,Escalated,Monitoring,2025-01-24 00:25:00,1
INC_0190,Network,Critical,CRM,3,8,2,Resolved,User,2025-01-24 00:58:00,1
INC_0190,Network,Critical,CRM,3,8,3,Reported,Tier2,2025-01-24 00:59:00,1
INC_0191,Hardware,Low,Payment,4,3,1,Assigned,Tier2,2025-01-02 02:59:00,0
INC_0191,Hardware,Low,Payment,4,3,2,Acknowledged,Monitoring,2025-01-02 04:00:00,0
INC_0191,Hardware,Low,Payment,4,3,3,Escalated,Tier2,2025-01-02 04:09:00,0
INC_0192,Hardware,Critical,Website,7,5,1,Escalated,SysAdmin,2025-01-28 12:24:00,0
INC_0192,Hardware,Critical,Website,7,5,2,Acknowledged,Tier1,2025-01-28 12:35:00,0
INC_0192,Hardware,Critical,Website,7,5,3,Reported,Monitoring,2025-01-28 15:30:00,0
INC_0193,Database,Medium,ERP,7,3,1,Investigating,SysAdmin,2025-01-27 00:48:00,0
INC_0193,Database,Medium,ERP,7,3,2,Investigating,SysAdmin,2025-01-27 00:51:00,0
INC_0193,Database,Medium,ERP,7,3,3,Investigating,Monitoring,2025-01-27 02:08:00,0
INC_0194,Application,Critical,CRM,6,6,1,Reported,Tier2,2025-01-05 08:12:00,0
INC_0194,Application,Critical,CRM,6,6,2,Resolved,User,2025-01-05 10:12:00,0
INC_0194,Application,Critical,CRM,6,6,3,Acknowledged,Monitoring,2025-01-05 10:41:00,0
INC_0195,Network,Low,Payment,7,9,1,Acknowledged,User,2025-01-02 14:38:00,1
INC_0195,Network,Low,Payment,7,9,2,Investigating,Tier2,2025-01-02 16:05:00,1
INC_0195,Network,Low,Payment,7,9,3,Acknowledged,SysAdmin,2025-01-02 16:18:00,1
INC_0196,Application,Low,ERP,6,5,1,Assigned,SysAdmin,2025-01-17 09:14:00,0
INC_0196,Application,Low,ERP,6,5,2,Resolved,Tier1,2025-01-17 10:59:00,0
INC_0196,Application,Low,ERP,6,5,3,Acknowledged,Tier1,2025-01-17 13:27:00,0
INC_0197,Application,Medium,Website,5,3,1,Escalated,Monitoring,2025-01-10 08:03:00,0
INC_0197,Application,Medium,Website,5,3,2,Escalated,Tier2,2025-01-10 09:15:00,0
INC_0197,Application,Medium,Website,5,3,3,Resolved,Tier2,2025-01-10 11:47:00,0
INC_0198,Network,High,Website,9,1,1,Investigating,Monitoring,2025-01-26 16:20:00,0
INC_0198,Network,High,Website,9,1,2,Assigned,Tier2,2025-01-26 17:50:00,0
INC_0198,Network,High,Website,9,1,3,Acknowledged,SysAdmin,2025-01-26 19:37:00,0
INC_0199,Database,Medium,ERP,7,2,1,Reported,SysAdmin,2025-01-10 22:09:00,0
INC_0199,Database,Medium,ERP,7,2,2,Investigating,Tier2,2025-01-10 23:53:00,0
INC_0199,Database,Medium,ERP,7,2,3,Resolved,SysAdmin,2025-01-11 01:52:00,0
INC_0200,Application,Critical,ERP,9,4,1,Investigating,Tier1,2025-01-09 06:21:00,0
INC_0200,Application,Critical,ERP,9,4,2,Reported,SysAdmin,2025-01-09 07:44:00,0
INC_0200,Application,Critical,ERP,9,4,3,Escalated,Monitoring,2025-01-09 08:05:00,0
INC_0201,Network,High,Website,4,3,1,Acknowledged,SysAdmin,2025-01-22 19:38:00,1
INC_0201,Network,High,Website,4,3,2,Escalated,SysAdmin,2025-01-22 19:44:00,1
INC_0201,Network,High,Website,4,3,3,Acknowledged,Tier2,2025-01-22 20:03:00,1
INC_0202,Application,High,CRM,7,4,1,Escalated,User,2025-01-31 00:13:00,0
INC_0202,Application,High,CRM,7,4,2,Escalated,Tier2,2025-01-31 02:13:00,0
INC_0202,Application,High,CRM,7,4,3,Acknowledged,SysAdmin,2025-01-31 03:02:00,0
INC_0203,Application,Critical,ERP,5,4,1,Investigating,SysAdmin,2025-01-18 10:49:00,1
INC_0203,Application,Critical,ERP,5,4,2,Escalated,Tier1,2025-01-18 11:26:00,1
INC_0203,Application,Critical,ERP,5,4,3,Assigned,Tier1,2025-01-18 13:04:00,1
INC_0204,Hardware,Critical,Website,6,7,1,Acknowledged,Tier1,2025-01-04 23:30:00,1
INC_0204,Hardware,Critical,Website,6,7,2,Assigned,Tier2,2025-01-05 01:08:00,1
INC_0204,Hardware,Critical,Website,6,7,3,Reported,SysAdmin,2025-01-05 02:30:00,1
INC_0205,Application,Medium,Email,4,5,1,Escalated,Tier2,2025-01-09 17:59:00,0
INC_0205,Application,Medium,Email,4,5,2,Assigned,Monitoring,2025-01-09 19:14:00,0
INC_0205,Application,Medium,Email,4,5,3,Acknowledged,Tier1,2025-01-09 21:43:00,0
INC_0206,Application,Critical,Payment,6,5,1,Escalated,Tier1,2025-01-27 07:31:00,0
INC_0206,Application,Critical,Payment,6,5,2,Assigned,Tier2,2025-01-27 08:42:00,0
INC_0206,Application,Critical,Payment,6,5,3,Escalated,Tier2,2025-01-27 11:30:00,0
INC_0207,Database,Medium,CRM,7,4,1,Acknowledged,SysAdmin,2025-01-06 04:46:00,0
INC_0207,Database,Medium,CRM,7,4,2,Escalated,User,2025-01-06 05:56:00,0
INC_0207,Database,Medium,CRM,7,4,3,Resolved,User,2025-01-06 08:02:00,0
INC_0208,Network,Low,Email,2,4,1,Reported,Monitoring,2025-01-14 04:53:00,0
INC_0208,Network,Low,Email,2,4,2,Reported,Monitoring,2025-01-14 06:14:00,0
INC_0208,Network,Low,Email,2,4,3,Resolved,Tier2,2025-01-14 07:14:00,0
INC_0209,Hardware,Low,Payment,4,3,1,Escalated,Tier2,2025-01-21 21:59:00,0
INC_0209,Hardware,Low,Payment,4,3,2,Reported,User,2025-01-21 23:18:00,0
INC_0209,Hardware,Low,Payment,4,3,3,Resolved,SysAdmin,2025-01-22 01:22:00,0
INC_0210,Database,Low,Email,5,4,1,Reported,SysAdmin,2025-01-17 23:17:00,0
INC_0210,Database,Low,Email,5,4,2,Escalated,Tier2,2025-01-18 00:26:00,0
INC_0210,Database,Low,Email,5,4,3,Acknowledged,User,2025-01-18 01:40:00,0
INC_0211,Network,Medium,ERP,10,3,1,Assigned,Tier2,2025-01-07 19:33:00,1
INC_0211,Network,Medium,ERP,10,3,2,Reported,Tier1,2025-01-07 20:06:00,1
INC_0211,Network,Medium,ERP,10,3,3,Investigating,Tier2,2025-01-07 21:37:00,1
INC_0212,Application,Medium,CRM,6,8,1,Reported,User,2025-01-22 02:41:00,0
INC_0212,Application,Medium,CRM,6,8,2,Investigating,Tier2,2025-01-22 04:31:00,0
INC_0212,Application,Medium,CRM,6,8,3,Investigating,SysAdmin,2025-01-22 07:18:00,0
INC_0213,Database,Low,Email,5,5,1,Escalated,Tier1,2025-01-23 05:05:00,0
INC_0213,Database,Low,Email,5,5,2,Resolved,User,2025-01-23 06:09:00,0
INC_0213,Database,Low,Email,5,5,3,Resolved,User,2025-01-23 08:01:00,0
INC_0214,Application,Medium,Payment,2,8,1,Escalated,Tier1,2025-01-16 08:02:00,0
INC_0214,Application,Medium,Payment,2,8,2,Resolved,SysAdmin,2025-01-16 10:01:00,0
INC_0214,Application,Medium,Payment,2,8,3,Escalated,User,2025-01-16 10:21:00,0
INC_0215,Application,High,Email,2,3,1,Reported,Tier1,2025-01-31 06:37:00,1
INC_0215,Application,High,Email,2,3,2,Acknowledged,SysAdmin,2025-01-31 06:56:00,1
INC_0215,Application,High,Email,2,3,3,Acknowledged,SysAdmin,2025-01-31 08:38:00,1
INC_0216,Database,High,Website,5,7,1,Escalated,User,2025-01-25 23:08:00,1
INC_0216,Database,High,Website,5,7,2,Resolved,Tier1,2025-01-26 00:50:00,1
INC_0216,Database,High,Website,5,7,3,Reported,User,2025-01-26 03:47:00,1
INC_0217,Database,Medium,Email,4,6,1,Investigating,Tier1,2025-01-11 19:49:00,0
INC_0217,Database,Medium,Email,4,6,2,Reported,Tier1,2025-01-11 21:08:00,0
INC_0217,Database,Medium,Email,4,6,3,Investigating,Tier2,2025-01-11 23:41:00,0
INC_0218,Application,High,Payment,4,3,1,Resolved,Tier2,2025-01-31 12:27:00,0
INC_0218,Application,High,Payment,4,3,2,Reported,SysAdmin,2025-01-31 12:51:00,0
INC_0218,Application,High,Payment,4,3,3,Assigned,Monitoring,2025-01-31 15:46:00,0
INC_0219,Network,Low,CRM,6,5,1,Acknowledged,Tier2,2025-01-05 12:45:00,0
INC_0219,Network,Low,CRM,6,5,2,Assigned,Tier1,2025-01-05 14:26:00,0
INC_0219,Network,Low,CRM,6,5,3,Reported,User,2025-01-05 17:09:00,0
INC_0220,Network,High,Website,7,5,1,Acknowledged,Tier2,2025-01-12 08:06:00,0
INC_0220,Network,High,Website,7,5,2,Investigating,SysAdmin,2025-01-12 08:23:00,0
INC_0220,Network,High,Website,7,5,3,Resolved,SysAdmin,2025-01-12 08:46:00,0
INC_0221,Database,Low,Email,6,5,1,Resolved,Tier1,2025-01-03 11:35:00,0
INC_0221,Database,Low,Email,6,5,2,Investigating,User,2025-01-03 11:47:00,0
INC_0221,Database,Low,Email,6,5,3,Assigned,Tier2,2025-01-03 14:20:00,0
INC_0222,Database,Low,Payment,11,4,1,Escalated,Tier2,2025-01-29 07:36:00,0
INC_0222,Database,Low,Payment,11,4,2,Acknowledged,Monitoring,2025-01-29 08:43:00,0
INC_0222,Database,Low,Payment,11,4,3,Assigned,Tier1,2025-01-29 09:27:00,0
INC_0223,Hardware,Critical,ERP,5,4,1,Assigned,Tier2,2025-01-03 05:27:00,0
INC_0223,Hardware,Critical,ERP,5,4,2,Reported,Tier1,2025-01-03 06:03:00,0
INC_0223,Hardware,Critical,ERP,5,4,3,Assigned,Monitoring,2025-01-03 07:51:00,0
INC_0224,Database,Medium,Website,9,4,1,Assigned,SysAdmin,2025-01-04 04:19:00,0
INC_0224,Database,Medium,Website,9,4,2,Investigating,Tier1,2025-01-04 04:20:00,0
INC_0224,Database,Medium,Website,9,4,3,Investigating,Tier1,2025-01-04 06:02:00,0
INC_0225,Database,Medium,CRM,7,6,1,Assigned,Monitoring,2025-01-11 19:44:00,0
INC_0225,Database,Medium,CRM,7,6,2,Investigating,Tier1,2025-01-11 20:10:00,0
INC_0225,Database,Medium,CRM,7,6,3,Assigned,Tier2,2025-01-11 22:13:00,0
INC_0226,Application,High,Website,4,3,1,Acknowledged,SysAdmin,2025-01-09 12:23:00,0
INC_0226,Application,High,Website,4,3,2,Resolved,Monitoring,2025-01-09 12:38:00,0
INC_0226,Application,High,Website,4,3,3,Escalated,SysAdmin,2025-01-09 15:03:00,0
INC_0227,Network,Critical,ERP,7,3,1,Investigating,Tier2,2025-01-15 09:53:00,0
INC_0227,Network,Critical,ERP,7,3,2,Acknowledged,Tier1,2025-01-15 11:22:00,0
INC_0227,Network,Critical,ERP,7,3,3,Acknowledged,Tier1,2025-01-15 11:40:00,0
INC_0228,Application,Critical,Website,4,6,1,Investigating,SysAdmin,2025-01-03 14:38:00,0
INC_0228,Application,Critical,Website,4,6,2,Resolved,Tier2,2025-01-03 15:40:00,0
INC_0228,Application,Critical,Website,4,6,3,Resolved,User,2025-01-03 18:10:00,0
INC_0229,Hardware,Low,Email,10,1,1,Acknowledged,SysAdmin,2025-01-25 07:42:00,0
INC_0229,Hardware,Low,Email,10,1,2,Reported,SysAdmin,2025-01-25 09:08:00,0
INC_0229,Hardware,Low,Email,10,1,3,Escalated,Tier2,2025-01-25 10:39:00,0
INC_0230,Hardware,Critical,Email,5,7,1,Escalated,SysAdmin,2025-01-01 03:16:00,0
INC_0230,Hardware,Critical,Email,5,7,2,Resolved,SysAdmin,2025-01-01 03:45:00,0
INC_0230,Hardware,Critical,Email,5,7,3,Escalated,SysAdmin,2025-01-01 05:56:00,0
INC_0231,Application,Critical,CRM,9,4,1,Escalated,SysAdmin,2025-01-13 14:49:00,0
INC_0231,Application,Critical,CRM,9,4,2,Acknowledged,Tier1,2025-01-13 16:16:00,0
INC_0231,Application,Critical,CRM,9,4,3,Reported,Tier2,2025-01-13 18:47:00,0
INC_0232,Network,High,Website,6,4,1,Assigned,Tier1,2025-01-30 02:07:00,0
INC_0232,Network,High,Website,6,4,2,Assigned,Tier2,2025-01-30 03:54:00,0
INC_0232,Network,High,Website,6,4,3,Acknowledged,SysAdmin,2025-01-30 04:31:00,0
INC_0233,Database,High,Website,7,8,1,Assigned,User,2025-01-04 14:46:00,0
INC_0233,Database,High,Website,7,8,2,Assigned,User,2025-01-04 16:16:00,0
INC_0233,Database,High,Website,7,8,3,Escalated,User,2025-01-04 18:12:00,0
INC_0234,Network,High,Email,6,2,1,Resolved,Monitoring,2025-01-22 05:59:00,1
INC_0234,Network,High,Email,6,2,2,Resolved,Monitoring,2025-01-22 07:34:00,1
INC_0234,Network,High,Email,6,2,3,Assigned,SysAdmin,2025-01-22 08:37:00,1
INC_0235,Database,Critical,ERP,3,5,1,Escalated,Tier2,2025-01-26 12:40:00,1
INC_0235,Database,Critical,ERP,3,5,2,Investigating,User,2025-01-26 13:04:00,1
INC_0235,Database,Critical,ERP,3,5,3,Escalated,SysAdmin,2025-01-26 13:52:00,1
INC_0236,Application,Critical,Payment,8,1,1,Acknowledged,Tier1,2025-01-14 12:00:00,0
INC_0236,Application,Critical,Payment,8,1,2,Escalated,User,2025-01-14 13:31:00,0
INC_0236,Application,Critical,Payment,8,1,3,Resolved,User,2025-01-14 14:26:00,0
INC_0237,Application,High,CRM,4,8,1,Investigating,SysAdmin,2025-01-07 14:07:00,0
INC_0237,Application,High,CRM,4,8,2,Escalated,Tier1,2025-01-07 14:41:00,0
INC_0237,Application,High,CRM,4,8,3,Resolved,Tier2,2025-01-07 17:33:00,0
INC_0238,Database,Low,CRM,5,4,1,Escalated,Tier1,2025-01-12 14:39:00,0
INC_0238,Database,Low,CRM,5,4,2,Resolved,SysAdmin,2025-01-12 15:02:00,0
INC_0238,Database,Low,CRM,5,4,3,Reported,Monitoring,2025-01-12 17:55:00,0
INC_0239,Hardware,Low,ERP,2,3,1,Acknowledged,SysAdmin,2025-01-10 03:11:00,0
INC_0239,Hardware,Low,ERP,2,3,2,Investigating,Tier2,2025-01-10 03:59:00,0
INC_0239,Hardware,Low,ERP,2,3,3,Resolved,Monitoring,2025-01-10 06:57:00,0
INC_0240,Database,Critical,ERP,7,3,1,Acknowledged,SysAdmin,2025-01-16 20:34:00,0
INC_0240,Database,Critical,ERP,7,3,2,Acknowledged,Tier2,2025-01-16 22:03:00,0
INC_0240,Database,Critical,ERP,7,3,3,Assigned,Monitoring,2025-01-17 00:49:00,0
INC_0241,Application,High,Website,2,1,1,Investigating,Monitoring,2025-01-20 01:55:00,0
INC_0241,Application,High,Website,2,1,2,Acknowledged,Tier2,2025-01-20 02:41:00,0
INC_0241,Application,High,Website,2,1,3,Resolved,SysAdmin,2025-01-20 02:44:00,0
INC_0242,Database,Critical,Website,6,6,1,Acknowledged,User,2025-01-14 22:53:00,1
INC_0242,Database,Critical,Website,6,6,2,Resolved,User,2025-01-14 23:50:00,1
INC_0242,Database,Critical,Website,6,6,3,Acknowledged,Tier1,2025-01-15 01:56:00,1
INC_0243,Network,High,ERP,7,2,1,Resolved,Tier2,2025-01-18 09:10:00,0
INC_0243,Network,High,ERP,7,2,2,Resolved,SysAdmin,2025-01-18 10:50:00,0
INC_0243,Network,High,ERP,7,2,3,Reported,SysAdmin,2025-01-18 12:48:00,0
INC_0244,Network,High,Payment,4,9,1,Escalated,Tier2,2025-01-27 11:34:00,1
INC_0244,Network,High,Payment,4,9,2,Resolved,Monitoring,2025-01-27 13:20:00,1
INC_0244,Network,High,Payment,4,9,3,Investigating,User,2025-01-27 13:31:00,1
INC_0245,Application,High,Email,6,4,1,Investigating,User,2025-01-15 08:22:00,0
INC_0245,Application,High,Email,6,4,2,Acknowledged,Monitoring,2025-01-15 10:13:00,0
INC_0245,Application,High,Email,6,4,3,Escalated,SysAdmin,2025-01-15 10:36:00,0
INC_0246,Hardware,Critical,ERP,5,5,1,Reported,SysAdmin,2025-01-20 04:50:00,0
INC_0246,Hardware,Critical,ERP,5,5,2,Assigned,SysAdmin,2025-01-20 05:17:00,0
INC_0246,Hardware,Critical,ERP,5,5,3,Assigned,SysAdmin,2025-01-20 06:10:00,0
INC_0247,Application,High,CRM,7,7,1,Escalated,User,2025-01-10 18:17:00,0
INC_0247,Application,High,CRM,7,7,2,Acknowledged,Tier2,2025-01-10 20:07:00,0
INC_0247,Application,High,CRM,7,7,3,Reported,Tier1,2025-01-10 22:19:00,0
INC_0248,Application,Medium,ERP,4,5,1,Escalated,Tier2,2025-01-05 22:20:00,1
INC_0248,Application,Medium,ERP,4,5,2,Investigating,Monitoring,2025-01-06 00:07:00,1
INC_0248,Application,Medium,ERP,4,5,3,Resolved,Tier1,2025-01-06 01:11:00,1
INC_0249,Database,Critical,Website,8,5,1,Investigating,SysAdmin,2025-01-03 20:50:00,0
INC_0249,Database,Critical,Website,8,5,2,Escalated,Tier1,2025-01-03 22:43:00,0
INC_0249,Database,Critical,Website,8,5,3,Escalated,Tier1,2025-01-03 23:07:00,0
INC_0250,Database,Critical,CRM,2,4,1,Escalated,Tier2,2025-01-19 00:55:00,1
INC_0250,Database,Critical,CRM,2,4,2,Escalated,Tier1,2025-01-19 02:35:00,1
INC_0250,Database,Critical,CRM,2,4,3,Reported,SysAdmin,2025-01-19 02:59:00,1
INC_0251,Database,Medium,Website,7,5,1,Assigned,Tier1,2025-01-27 06:31:00,1
INC_0251,Database,Medium,Website,7,5,2,Resolved,SysAdmin,2025-01-27 07:06:00,1
INC_0251,Database,Medium,Website,7,5,3,Acknowledged,SysAdmin,2025-01-27 08:29:00,1
INC_0252,Database,High,Email,9,2,1,Reported,User,2025-01-02 03:40:00,0
INC_0252,Database,High,Email,9,2,2,Acknowledged,Tier2,2025-01-02 05:21:00,0
INC_0252,Database,High,Email,9,2,3,Investigating,User,2025-01-02 07:19:00,0
INC_0253,Database,Medium,ERP,7,3,1,Reported,Tier1,2025-01-29 20:19:00,0
INC_0253,Database,Medium,ERP,7,3,2,Assigned,User,2025-01-29 20:40:00,0
INC_0253,Database,Medium,ERP,7,3,3,Assigned,Monitoring,2025-01-29 21:51:00,0
INC_0254,Network,Critical,CRM,9,5,1,Escalated,User,2025-01-24 22:48:00,0
INC_0254,Network,Critical,CRM,9,5,2,Escalated,User,2025-01-24 23:18:00,0
INC_0254,Network,Critical,CRM,9,5,3,Reported,Monitoring,2025-01-25 01:08:00,0
INC_0255,Database,Low,ERP,5,7,1,Reported,User,2025-01-19 07:33:00,0
INC_0255,Database,Low,ERP,5,7,2,Escalated,Tier1,2025-01-19 09:01:00,0
INC_0255,Database,Low,ERP,5,7,3,Reported,Tier2,2025-01-19 10:55:00,0
INC_0256,Application,Critical,Email,7,10,1,Reported,Tier1,2025-01-08 12:05:00,0
INC_0256,Application,Critical,Email,7,10,2,Assigned,Tier1,2025-01-08 13:39:00,0
INC_0256,Application,Critical,Email,7,10,3,Acknowledged,Tier2,2025-01-08 14:06:00,0
INC_0257,Application,Medium,Email,8,6,1,Acknowledged,Tier2,2025-01-17 18:00:00,0
INC_0257,Application,Medium,Email,8,6,2,Assigned,Monitoring,2025-01-17 19:19:00,0
INC_0257,Application,Medium,Email,8,6,3,Escalated,Monitoring,2025-01-17 22:06:00,0
INC_0258,Database,Critical,ERP,3,3,1,Resolved,Tier2,2025-01-03 03:08:00,1
INC_0258,Database,Critical,ERP,3,3,2,Assigned,Tier2,2025-01-03 04:45:00,1
INC_0258,Database,Critical,ERP,3,3,3,Assigned,Monitoring,2025-01-03 05:17:00,1
INC_0259,Application,High,Email,10,2,1,Assigned,User,2025-01-08 17:38:00,0
INC_0259,Application,High,Email,10,2,2,Escalated,Tier1,2025-01-08 18:55:00,0
INC_0259,Application,High,Email,10,2,3,Acknowledged,SysAdmin,2025-01-08 21:31:00,0
INC_0260,Application,Critical,CRM,4,7,1,Investigating,Tier2,2025-01-21 01:50:00,0
INC_0260,Application,Critical,CRM,4,7,2,Reported,Monitoring,2025-01-21 03:45:00,0
INC_0260,Application,Critical,CRM,4,7,3,Investigating,SysAdmin,2025-01-21 04:47:00,0
INC_0261,Network,Low,CRM,6,6,1,Investigating,Tier1,2025-01-30 10:08:00,0
INC_0261,Network,Low,CRM,6,6,2,Resolved,Monitoring,2025-01-30 10:58:00,0
INC_0261,Network,Low,CRM,6,6,3,Investigating,User,2025-01-30 13:24:00,0
INC_0262,Network,Low,Email,8,5,1,Investigating,SysAdmin,2025-01-09 06:02:00,0
INC_0262,Network,Low,Email,8,5,2,Assigned,SysAdmin,2025-01-09 08:01:00,0
INC_0262,Network,Low,Email,8,5,3,Investigating,Tier2,2025-01-09 08:17:00,0
INC_0263,Database,Low,Payment,7,4,1,Assigned,User,2025-01-18 19:09:00,0
INC_0263,Database,Low,Payment,7,4,2,Resolved,Monitoring,2025-01-18 19:45:00,0
INC_0263,Database,Low,Payment,7,4,3,Acknowledged,SysAdmin,2025-01-18 20:07:00,0
INC_0264,Hardware,Critical,Payment,5,5,1,Assigned,Tier2,2025-01-21 20:43:00,0
INC_0264,Hardware,Critical,Payment,5,5,2,Escalated,Monitoring,2025-01-21 22:06:00,0
INC_0264,Hardware,Critical,Payment,5,5,3,Reported,Monitoring,2025-01-21 22:23:00,0
INC_0265,Network,Critical,Email,6,5,1,Escalated,Monitoring,2025-01-15 19:38:00,1
INC_0265,Network,Critical,Email,6,5,2,Reported,User,2025-01-15 19:46:00,1
INC_0265,Network,Critical,Email,6,5,3,Escalated,Monitoring,2025-01-15 21:06:00,1
INC_0266,Network,Medium,Website,2,8,1,Acknowledged,Tier1,2025-01-31 11:33:00,0
INC_0266,Network,Medium,Website,2,8,2,Acknowledged,Tier1,2025-01-31 12:40:00,0
INC_0266,Network,Medium,Website,2,8,3,Escalated,User,2025-01-31 13:47:00,0
INC_0267,Network,High,Website,6,6,1,Escalated,User,2025-01-09 16:04:00,0
INC_0267,Network,High,Website,6,6,2,Investigating,Tier2,2025-01-09 16:38:00,0
INC_0267,Network,High,Website,6,6,3,Resolved,Tier1,2025-01-09 19:06:00,0
INC_0268,Network,Critical,Payment,3,8,1,Resolved,User,2025-01-06 11:10:00,0
INC_0268,Network,Critical,Payment,3,8,2,Acknowledged,SysAdmin,2025-01-06 11:43:00,0
INC_0268,Network,Critical,Payment,3,8,3,Reported,User,2025-01-06 12:10:00,0
INC_0269,Network,Medium,Email,6,5,1,Acknowledged,User,2025-01-16 11:24:00,1
INC_0269,Network,Medium,Email,6,5,2,Resolved,Tier2,2025-01-16 13:22:00,1
INC_0269,Network,Medium,Email,6,5,3,Acknowledged,Tier1,2025-01-16 14:01:00,1
INC_0270,Application,Critical,CRM,8,7,1,Resolved,User,2025-01-09 02:36:00,1
INC_0270,Application,Critical,CRM,8,7,2,Acknowledged,Monitoring,2025-01-09 03:24:00,1
INC_0270,Application,Critical,CRM,8,7,3,Resolved,User,2025-01-09 03:55:00,1
INC_0271,Database,Low,Website,10,3,1,Assigned,User,2025-01-28 09:49:00,0
INC_0271,Database,Low,Website,10,3,2,Resolved,Tier2,2025-01-28 11:38:00,0
INC_0271,Database,Low,Website,10,3,3,Reported,Tier1,2025-01-28 12:58:00,0
INC_0272,Application,High,Payment,8,5,1,Investigating,Tier1,2025-01-26 09:47:00,1
INC_0272,Application,High,Payment,8,5,2,Resolved,Tier2,2025-01-26 11:07:00,1
INC_0272,Application,High,Payment,8,5,3,Acknowledged,SysAdmin,2025-01-26 12:10:00,1
INC_0273,Application,Medium,Email,4,4,1,Assigned,User,2025-01-30 13:01:00,1
INC_0273,Application,Medium,Email,4,4,2,Assigned,User,2025-01-30 13:31:00,1
INC_0273,Application,Medium,Email,4,4,3,Escalated,Tier2,2025-01-30 15:50:00,1
INC_0274,Hardware,Low,ERP,5,1,1,Acknowledged,Tier1,2025-01-17 07:26:00,1
INC_0274,Hardware,Low,ERP,5,1,2,Reported,User,2025-01-17 08:29:00,1
INC_0274,Hardware,Low,ERP,5,1,3,Acknowledged,SysAdmin,2025-01-17 08:45:00,1
INC_0275,Database,High,Website,3,7,1,Acknowledged,Tier2,2025-01-24 02:37:00,0
INC_0275,Database,High,Website,3,7,2,Reported,SysAdmin,2025-01-24 02:50:00,0
INC_0275,Database,High,Website,3,7,3,Resolved,User,2025-01-24 05:00:00,0
INC_0276,Database,Medium,ERP,5,3,1,Escalated,Tier1,2025-01-10 08:54:00,0
INC_0276,Database,Medium,ERP,5,3,2,Assigned,Tier2,2025-01-10 09:35:00,0
INC_0276,Database,Medium,ERP,5,3,3,Assigned,Monitoring,2025-01-10 11:16:00,0
INC_0277,Network,Medium,ERP,6,3,1,Acknowledged,Tier2,2025-01-25 18:06:00,0
INC_0277,Network,Medium,ERP,6,3,2,Investigating,Tier1,2025-01-25 18:26:00,0
INC_0277,Network,Medium,ERP,6,3,3,Investigating,User,2025-01-25 18:54:00,0
INC_0278,Hardware,Medium,Website,9,1,1,Reported,Monitoring,2025-01-10 14:16:00,0
INC_0278,Hardware,Medium,Website,9,1,2,Escalated,Tier1,2025-01-10 16:06:00,0
INC_0278,Hardware,Medium,Website,9,1,3,Escalated,SysAdmin,2025-01-10 16:37:00,0
INC_0279,Network,Medium,CRM,3,8,1,Investigating,SysAdmin,2025-01-05 02:45:00,1
INC_0279,Network,Medium,CRM,3,8,2,Reported,Tier1,2025-01-05 03:17:00,1
INC_0279,Network,Medium,CRM,3,8,3,Assigned,Monitoring,2025-01-05 04:49:00,1
INC_0280,Network,Critical,Website,5,6,1,Investigating,User,2025-01-18 23:35:00,0
INC_0280,Network,Critical,Website,5,6,2,Acknowledged,User,2025-01-19 00:07:00,0
INC_0280,Network,Critical,Website,5,6,3,Reported,User,2025-01-19 00:32:00,0
INC_0281,Application,Medium,ERP,2,6,1,Escalated,User,2025-01-27 12:23:00,0
INC_0281,Application,Medium,ERP,2,6,2,Resolved,SysAdmin,2025-01-27 13:51:00,0
INC_0281,Application,Medium,ERP,2,6,3,Assigned,User,2025-01-27 16:33:00,0
INC_0282,Network,Low,ERP,4,4,1,Reported,Tier1,2025-01-29 20:28:00,0
INC_0282,Network,Low,ERP,4,4,2,Reported,User,2025-01-29 22:12:00,0
INC_0282,Network,Low,ERP,4,4,3,Investigating,User,2025-01-29 22:45:00,0
INC_0283,Application,Critical,Website,7,2,1,Acknowledged,Tier1,2025-01-16 00:24:00,1
INC_0283,Application,Critical,Website,7,2,2,Acknowledged,Monitoring,2025-01-16 01:52:00,1
INC_0283,Application,Critical,Website,7,2,3,Assigned,Tier1,2025-01-16 03:42:00,1
INC_0284,Database,Medium,Email,5,5,1,Assigned,Tier2,2025-01-20 19:39:00,1
INC_0284,Database,Medium,Email,5,5,2,Investigating,SysAdmin,2025-01-20 20:11:00,1
INC_0284,Database,Medium,Email,5,5,3,Investigating,User,2025-01-20 22:57:00,1
INC_0285,Network,High,Website,9,7,1,Acknowledged,SysAdmin,2025-01-05 13:12:00,0
INC_0285,Network,High,Website,9,7,2,Reported,Tier2,2025-01-05 14:35:00,0
INC_0285,Network,High,Website,9,7,3,Escalated,Tier1,2025-01-05 16:50:00,0
INC_0286,Database,Critical,CRM,10,3,1,Assigned,Monitoring,2025-01-30 18:32:00,0
INC_0286,Database,Critical,CRM,10,3,2,Reported,Tier1,2025-01-30 19:14:00,0
INC_0286,Database,Critical,CRM,10,3,3,Resolved,Monitoring,2025-01-30 20:54:00,0
INC_0287,Network,High,Email,4,4,1,Acknowledged,Monitoring,2025-01-26 15:33:00,1
INC_0287,Network,High,Email,4,4,2,Reported,Monitoring,2025-01-26 16:19:00,1
INC_0287,Network,High,Email,4,4,3,Escalated,Monitoring,2025-01-26 18:49:00,1
INC_0288,Hardware,Low,ERP,4,6,1,Acknowledged,Monitoring,2025-01-19 12:22:00,1
INC_0288,Hardware,Low,ERP,4,6,2,Resolved,Tier1,2025-01-19 14:22:00,1
INC_0288,Hardware,Low,ERP,4,6,3,Escalated,Tier1,2025-01-19 15:07:00,1
INC_0289,Network,High,Payment,6,4,1,Resolved,Tier1,2025-01-19 04:36:00,0
INC_0289,Network,High,Payment,6,4,2,Acknowledged,Tier2,2025-01-19 05:01:00,0
INC_0289,Network,High,Payment,6,4,3,Reported,User,2025-01-19 07:08:00,0
INC_0290,Network,Medium,Payment,3,5,1,Assigned,SysAdmin,2025-01-08 00:33:00,0
INC_0290,Network,Medium,Payment,3,5,2,Acknowledged,Monitoring,2025-01-08 01:35:00,0
INC_0290,Network,Medium,Payment,3,5,3,Assigned,Monitoring,2025-01-08 01:36:00,0
INC_0291,Hardware,Low,Email,4,2,1,Reported,SysAdmin,2025-01-05 18:45:00,1
INC_0291,Hardware,Low,Email,4,2,2,Assigned,User,2025-01-05 20:43:00,1
INC_0291,Hardware,Low,Email,4,2,3,Assigned,Tier2,2025-01-05 21:20:00,1
INC_0292,Network,High,CRM,7,4,1,Escalated,Tier2,2025-01-11 04:10:00,0
INC_0292,Network,High,CRM,7,4,2,Escalated,Tier1,2025-01-11 05:44:00,0
INC_0292,Network,High,CRM,7,4,3,Acknowledged,SysAdmin,2025-01-11 07:36:00,0
INC_0293,Hardware,Medium,Payment,9,5,1,Assigned,Monitoring,2025-01-27 05:24:00,0
INC_0293,Hardware,Medium,Payment,9,5,2,Acknowledged,User,2025-01-27 06:04:00,0
INC_0293,Hardware,Medium,Payment,9,5,3,Escalated,SysAdmin,2025-01-27 09:01:00,0
INC_0294,Database,Low,ERP,6,2,1,Acknowledged,SysAdmin,2025-01-20 10:58:00,1
INC_0294,Database,Low,ERP,6,2,2,Reported,Tier2,2025-01-20 12:42:00,1
INC_0294,Database,Low,ERP,6,2,3,Acknowledged,Tier1,2025-01-20 15:19:00,1
INC_0295,Network,Medium,CRM,7,9,1,Escalated,Tier1,2025-01-11 05:40:00,0
INC_0295,Network,Medium,CRM,7,9,2,Investigating,User,2025-01-11 07:34:00,0
INC_0295,Network,Medium,CRM,7,9,3,Assigned,Monitoring,2025-01-11 07:57:00,0
INC_0296,Application,Low,CRM,8,3,1,Investigating,Tier2,2025-01-09 03:46:00,1
INC_0296,Application,Low,CRM,8,3,2,Escalated,Tier2,2025-01-09 03:47:00,1
INC_0296,Application,Low,CRM,8,3,3,Acknowledged,Tier2,2025-01-09 04:00:00,1
INC_0297,Database,Critical,CRM,9,4,1,Resolved,Monitoring,2025-01-18 12:06:00,0
INC_0297,Database,Critical,CRM,9,4,2,Acknowledged,Tier2,2025-01-18 13:53:00,0
INC_0297,Database,Critical,CRM,9,4,3,Reported,User,2025-01-18 15:56:00,0
INC_0298,Hardware,Low,CRM,8,5,1,Investigating,Monitoring,2025-01-09 03:04:00,0
INC_0298,Hardware,Low,CRM,8,5,2,Escalated,User,2025-01-09 03:48:00,0
INC_0298,Hardware,Low,CRM,8,5,3,Resolved,User,2025-01-09 04:32:00,0
INC_0299,Hardware,Critical,Email,5,1,1,Acknowledged,User,2025-01-14 20:10:00,0
INC_0299,Hardware,Critical,Email,5,1,2,Reported,Tier1,2025-01-14 21:28:00,0
INC_0299,Hardware,Critical,Email,5,1,3,Acknowledged,Monitoring,2025-01-14 23:20:00,0
INC_0300,Database,High,CRM,9,10,1,Resolved,SysAdmin,2025-01-10 07:06:00,0
INC_0300,Database,High,CRM,9,10,2,Investigating,Monitoring,2025-01-10 07:13:00,0
INC_0300,Database,High,CRM,9,10,3,Reported,Tier1,2025-01-10 08:54:00,0
